species,decimalLatitude,decimalLongitude,speciation
Espeletia hartwegiana,0.668303235,-78.83291334,0.661082354
Espeletia hartwegiana,0.668303235,-78.83291334,0.773189637
Espeletia pycnophylla,0.95,-78.216667,0.31807205
Espeletia pycnophylla,0.69778,-78.07028,0.018215177
Espeletia pycnophylla,0.7,-78,0.278603948
Espeletia pycnophylla,0.716,-78,0.508936615
Espeletia pycnophylla,1.5,-78,0.191999881
Espeletia pycnophylla,1.5,-78,0.420959546
Espeletia pycnophylla,1.5,-78,0.317951186
Espeletia pycnophylla,1.5,-78,0.477517087
Espeletia pycnophylla,1.5,-78,0.550097707
Espeletia pycnophylla,1.5,-78,0.040152313
Espeletia pycnophylla,1.5,-78,0.632044261
Espeletia pycnophylla,1.5,-78,0.536664651
Espeletia pycnophylla,1.5,-78,0.04518852
Espeletia pycnophylla,1.5,-78,0.493577112
Espeletia pycnophylla,1.5,-78,0.034385052
Espeletia pycnophylla,1.5,-78,0.739178931
Espeletia pycnophylla,1.5,-78,0.014324056
Espeletia pycnophylla,1.5,-78,0.253320856
Espeletia pycnophylla,1.5,-78,0.282302055
Espeletia pycnophylla,1.5,-78,0.161886506
Espeletia pycnophylla,1.5,-78,0.232967804
Espeletia pycnophylla,1.5,-78,0.701333749
Espeletia pycnophylla,1.5,-78,0.222594267
Espeletia pycnophylla,1.5,-78,0.367219853
Espeletia pycnophylla,1.5,-78,0.290579186
Espeletia pycnophylla,1.5,-78,0.011699489
Espeletia pycnophylla,1.5,-78,0.219635339
Espeletia schultesiana,1.5,-78,0.591915247
Espeletia schultesiana,1.5,-78,0.307868186
Espeletia schultesiana,1.5,-78,0.197461471
Espeletia schultesiana,1.5,-78,0.511261041
Espeletia pycnophylla,0.795986,-77.9821,0.003831426
Espeletia pycnophylla,0.8,-77.9667,0.393120959
Espeletia hanburyana,0.8,-77.966667,0.38756265
Espeletia pycnophylla,0.78333,-77.96666,0.130232504
Espeletia pycnophylla,0.783,-77.966,0.349291074
Espeletia pycnophylla,0.856881,-77.9514,0.02144281
Espeletia pycnophylla,0.816667,-77.95,0.121702959
Espeletia pycnophylla,0.8167,-77.95,0.529097023
Espeletia pycnophylla,0.80194,-77.94583,0.604935685
Espeletia pycnophylla,0.805042,-77.9347,0.567867249
Espeletia pycnophylla,0.731779,-77.9242,0.378141351
Espeletia pycnophylla,0.645577,-77.9218,0.000488265
Espeletia pycnophylla,0.647465,-77.9198,0.130330936
Espeletia pycnophylla,0.647297,-77.9179,0.325274818
Espeletia pycnophylla,0.647372,-77.9137,0.380413775
Espeletia pycnophylla,0.650412,-77.9118,0.242562393
Espeletia pycnophylla,0.608328,-77.9098,0.541511321
Espeletia pycnophylla,0.660673,-77.9068,0.270505962
Espeletia pycnophylla,0.689099,-77.8957,0.213718899
Espeletia pycnophylla,0.654655,-77.8907,0.285346747
Espeletia pycnophylla,0.68747,-77.8905,0.078732085
Espeletia pycnophylla,0.657335,-77.8904,0.306467335
Espeletia pycnophylla,0.792122,-77.8888,0.267359791
Espeletia pycnophylla,0.663777,-77.8874,0.137495054
Espeletia pycnophylla,0.611874,-77.8859,0.382059304
Espeletia pycnophylla,0.716667,-77.8833,0.362349514
Espeletia pycnophylla,0.678546,-77.8803,0.113933389
Espeletia pycnophylla,0.676602,-77.8798,0.354361875
Espeletia pycnophylla,0.678538,-77.8793,0.20154526
Espeletia pycnophylla,0.680556,-77.878333,0.246664941
Espeletia pycnophylla,0.678763,-77.8739,0.379589041
Espeletia pycnophylla,0.610957,-77.8728,0.100921264
Espeletia pycnophylla,-0.67,-77.87,0.229701634
Espeletia pycnophylla,0.68346,-77.8676,0.241506186
Espeletia pycnophylla,0.666667,-77.8667,0.635988014
Espeletia hanburyana,0.65,-77.86666,0.227348603
Espeletia pycnophylla,0.66666,-77.86666,0.188441685
Espeletia pycnophylla,0.666,-77.866,0.910632339
Espeletia pycnophylla,0.793836,-77.8634,0.044910925
Espeletia pycnophylla,0.651776,-77.8558,0.399126101
Espeletia pycnophylla,0.683333,-77.85,0.319087704
Espeletia pycnophylla,0.71666,-77.83333,0.09226082
Espeletia pycnophylla,0.91666,-77.83333,0.212252737
Espeletia pycnophylla,0.666667,-77.8333,0.078486693
Espeletia pycnophylla,0.716667,-77.8333,0.139265216
Espeletia pycnophylla,0.727031,-77.8332,0.334676745
Espeletia pycnophylla,0.8,-77.83,0.285164557
Espeletia pycnophylla,1.080792,-77.72557,0.348663599
Espeletia pycnophylla,0.762708,-77.6992,0.147812041
Espeletia pycnophylla,0.596944,-77.696944,0.465180329
Espeletia pycnophylla,0.730963,-77.6852,0.343884242
Espeletia pycnophylla,0.805733,-77.6692,0.402968165
Espeletia pycnophylla,0.7,-77.66666,0.421120018
Espeletia pycnophylla,0.7,-77.666,0.368821607
Espeletia pycnophylla,0.637861,-77.6565,0.107670576
Espeletia pycnophylla,0.566,-77.65,0.512900925
Espeletia pycnophylla,0.566,-77.65,0.053787974
Espeletia pycnophylla,0.56666,-77.65,0.079041822
Espeletia pycnophylla,0.56666,-77.65,0.323838971
Espeletia pycnophylla,0.93554,-77.59648,0.332119424
Espeletia pycnophylla,0.958028,-77.580361,0.230666339
Espeletia pycnophylla,0.958028,-77.580361,0.275553126
Espeletia pycnophylla,0.958028,-77.580361,0.349811179
Espeletia pycnophylla,0.958028,-77.580361,0.050118998
Espeletia pycnophylla,0.958028,-77.580361,0.418460893
Espeletia pycnophylla,0.958028,-77.580361,0.315989895
Espeletia pycnophylla,0.958028,-77.580361,0.233450583
Espeletia pycnophylla,0.958028,-77.580361,0.273374134
Espeletia pycnophylla,0.958028,-77.580361,0.396375393
Espeletia pycnophylla,0.958028,-77.580361,0.128851672
Espeletia pycnophylla,0.958028,-77.580361,0.467204679
Espeletia pycnophylla,0.958028,-77.580361,0.374630721
Espeletia pycnophylla,0.957417,-77.58025,0.320916614
Espeletia pycnophylla,0.957417,-77.58025,0.350054744
Espeletia pycnophylla,0.724012,-77.5505,0.394771344
Espeletia pycnophylla,0.85655,-77.4212,0.560392945
Espeletia pycnophylla,0.843861,-77.399056,0.044243007
Espeletia pycnophylla,0.843861,-77.399056,0.295234938
Espeletia pycnophylla,1.18269,-77.382,0.305505779
Espeletia pycnophylla,1.18269,-77.382,0.385649196
Espeletia pycnophylla,1.218532,-77.367494,0.288650728
Espeletia pycnophylla,1.06683,-77.35384,0.269269264
Espeletia pycnophylla,1.2237,-77.348,0.086147682
Espeletia pycnophylla,1.22737,-77.343,0.274466999
Espeletia pycnophylla,1.223388,-77.341225,0.922403056
Espeletia pycnophylla,1.223388,-77.341225,0.433409052
Espeletia schultesiana,1.21759,-77.3389,0.491094525
Espeletia pycnophylla,1.36667,-77.3333,0.300998698
Espeletia pycnophylla,1.214086,-77.331752,0.394828229
Espeletia pycnophylla,1.214086,-77.331752,0.345555397
Espeletia pycnophylla,0.907464,-77.31145,0.238195421
Espeletia pycnophylla,0.907464,-77.31145,0.390129622
Espeletia pycnophylla,1.2,-77.25,0.417101829
Espeletia pycnophylla,1.270583,-77.239056,0.504872348
Espeletia pycnophylla,1.270583,-77.239056,0.414892738
Espeletia pycnophylla,1.270583,-77.239056,0.299434069
Espeletia pycnophylla,1.270583,-77.239056,0.338820336
Espeletia pycnophylla,1.270583,-77.239056,0.205702669
Espeletia pycnophylla,1.270583,-77.239056,0.259427075
Espeletia pycnophylla,1.270583,-77.239056,0.034157165
Espeletia pycnophylla,1.270583,-77.239056,0.680962246
Espeletia pycnophylla,1.270583,-77.239056,0.251714305
Espeletia pycnophylla,1.270583,-77.239056,0.136152325
Espeletia pycnophylla,1.270583,-77.239056,0.300873684
Espeletia pycnophylla,1.270583,-77.239056,0.107005706
Espeletia pycnophylla,1.270889,-77.238972,0.210726179
Espeletia pycnophylla,1.270889,-77.238972,0.34798153
Espeletia pycnophylla,1.12375,-77.206111,0.158837056
Espeletia pycnophylla,1.12375,-77.206111,0.594768229
Espeletia pycnophylla,0.999611,-77.18275,0.46912794
Espeletia pycnophylla,0.999611,-77.18275,0.504473573
Espeletia pycnophylla,0.999611,-77.18275,0.305839219
Espeletia pycnophylla,0.999611,-77.18275,0.51549528
Espeletia pycnophylla,0.999611,-77.18275,0.326038661
Espeletia pycnophylla,0.999611,-77.18275,0.1695695
Espeletia pycnophylla,0.999611,-77.18275,0.49657703
Espeletia pycnophylla,0.999611,-77.18275,0.433259887
Espeletia pycnophylla,0.999611,-77.18275,0.269250741
Espeletia pycnophylla,0.999611,-77.18275,0.022788317
Espeletia pycnophylla,0.999611,-77.18275,0.068937447
Espeletia pycnophylla,0.999611,-77.18275,0.628651275
Espeletia pycnophylla,0.998917,-77.181694,0.345217782
Espeletia pycnophylla,0.998917,-77.181694,0.35885433
Espeletia pycnophylla,0.998917,-77.181694,0.327267674
Espeletia pycnophylla,0.998917,-77.181694,0.664822494
Espeletia pycnophylla,0.998917,-77.181694,0.40773927
Espeletia pycnophylla,0.998917,-77.181694,0.325453033
Espeletia pycnophylla,0.998917,-77.181694,0.487242896
Espeletia pycnophylla,0.998917,-77.181694,0.424615959
Espeletia pycnophylla,0.998917,-77.181694,0.058481573
Espeletia pycnophylla,0.998917,-77.181694,0.303281415
Espeletia pycnophylla,0.998917,-77.181694,0.515531585
Espeletia pycnophylla,0.998917,-77.181694,0.203951317
Espeletia pycnophylla,1.162667,-77.152747,0.292877629
Espeletia pycnophylla,1.2072,-77.1345,0.478339717
Espeletia pycnophylla,1.14701,-77.1262,0.224455865
Espeletia pycnophylla,1.16877,-77.1202,0.475389568
Espeletia pycnophylla,1.13589,-77.1071,0.235530392
Espeletia pycnophylla,1.13215,-77.0956,0.037414756
Espeletia pycnophylla,1.13215,-77.0956,0.341116957
Espeletia pycnophylla,1.15101,-77.0935,0.517065968
Espeletia pycnophylla,1.12272,-77.0838,0.693966241
Espeletia hartwegiana,3.75,-77.083336,0.055416777
Espeletia hartwegiana,3.75,-77.0833,0.223322634
Espeletia schultesiana,1.251111,-77.000832,0.41805571
Espeletia schultesiana,1.31422,-76.9382,0.045734301
Espeletia pycnophylla,1.521083,-76.935917,0.013349659
Espeletia pycnophylla,1.521083,-76.935917,0.267674381
Espeletia hartwegiana,2.5,-76.8333,0.3810958
Espeletia hartwegiana,2.5,-76.8333,0.39220588
Espeletia hartwegiana,2.5,-76.8333,0.421590816
Espeletia hartwegiana,2.5,-76.8333,0.265662051
Espeletia hartwegiana,2.5,-76.8333,0.121450726
Espeletia hartwegiana,2.5,-76.8333,0.07740025
Espeletia hartwegiana,2.5,-76.8333,0.050983883
Espeletia hartwegiana,2.5,-76.8333,0.358121935
Espeletia hartwegiana,2.5,-76.8333,0.059419411
Espeletia hartwegiana,2.5,-76.8333,0.502217784
Espeletia hartwegiana,2.5,-76.8333,0.035549748
Espeletia hartwegiana,2.5,-76.8333,0.242374662
Espeletia hartwegiana,2.5,-76.8333,0.235092907
Espeletia hartwegiana,2.5,-76.8333,0.045259749
Espeletia hanburyana,1.879285,-76.699004,0.525008589
Espeletia idroboi,1.82,-76.61,0.534967418
Espeletia idroboi,1.93,-76.58,0.067115348
Espeletia idroboi,1.93,-76.58,0.244565868
Espeletia hartwegiana,2.229391,-76.537102,0.467176368
Espeletia hartwegiana,3.75,-76.5,0.424531604
Espeletia hartwegiana,3.75,-76.5,0.523618613
Espeletia hanburyana,2.20969,-76.4947,0.327473816
Espeletia hanburyana,2.31939,-76.4864,0.772133275
Espeletia hanburyana,2.20089,-76.4742,0.262077713
Espeletia hanburyana,2.25808,-76.4704,0.493222622
Espeletia hanburyana,2.19046,-76.4673,0.469902527
Espeletia hanburyana,2.22602,-76.4667,0.106933188
Espeletia hanburyana,2.35994,-76.4465,0.729448823
Espeletia hartwegiana,2.384167,-76.445,0.405461655
Espeletia hartwegiana,2.384167,-76.445,0.467154959
Espeletia hartwegiana,2.38417,-76.445,0.600229995
Espeletia hartwegiana,2.38417,-76.445,0.277105389
Espeletia hartwegiana,2.033333,-76.416667,0.147478833
Espeletia idroboi,2.367937,-76.378755,0.575272252
Espeletia idroboi,2.367937,-76.378755,0.193636389
Espeletia idroboi,2.367937,-76.378755,0.475710463
Espeletia hanburyana,2.26698,-76.2516,0.053954686
Espeletia hartwegiana,2.433333,-76.233333,0.044031067
Espeletia hartwegiana,2.74761,-76.2174,0.338910573
Espeletia hartwegiana,2.74761,-76.2174,0.091625946
Espeletia hartwegiana,2.165556,-76.164722,0.469648769
Espeletia praefrontina,6.40368,-76.1274,0.508118988
Espeletia frontinoensis,6.45556,-76.1206,0.359748942
Espeletia frontinoensis,6.45556,-76.1206,0.097643578
Espeletia praefrontina,6.45556,-76.1206,0.235534438
Espeletia frontinoensis,6.455555,-76.120552,0.122835593
Espeletia frontinoensis,6.455555,-76.120552,0.526329545
Espeletia frontinoensis,6.5,-76.116669,0.368404701
Espeletia frontinoensis,6.5,-76.116667,0.270471106
Espeletia occidentalis,6.46494,-76.1094,0.150356787
Espeletia frontinoensis,6.481139,-76.108444,0.31551538
Espeletia frontinoensis,6.45161,-76.1077,0.330896782
Espeletia frontinoensis,6.463077,-76.10564,0.35245471
Espeletia occidentalis,6.463077,-76.10564,0.254395954
Espeletia frontinoensis,6.46067,-76.10344,0.115341399
Espeletia frontinoensis,6.46067,-76.10344,0.136456874
Espeletia frontinoensis,6.46067,-76.10344,0.127414035
Espeletia hanburyana,3.7416,-76.09929,0.059572933
Espeletia hanburyana,3.7416,-76.09929,0.412787517
Espeletia frontinoensis,6.46215,-76.09913,0.213809516
Espeletia frontinoensis,6.003036,-76.095978,0.20392349
Espeletia occidentalis,5.5,-76.083336,0.020548626
Espeletia frontinoensis,6.466667,-76.083333,0.102277186
Espeletia hanburyana,3.37427,-76.07243,0.013766835
Espeletia hartwegiana,2.785278,-76.023889,0.660788093
Espeletia hartwegiana,2.785278,-76.023889,0.331802638
Espeletia hartwegiana,2.785278,-76.023888,0.415689128
Espeletia schultesiana,3,-76,0.779295487
Espeletia schultesiana,3,-76,0.297897615
Espeletia schultesiana,3,-76,0.223266054
Espeletia praefrontina,7.13173,-75.9563,0.191390735
Espeletia hartwegiana,3.9687,-75.9148,0.173399241
Espeletia hartwegiana,3.9687,-75.9148,0.481360958
Espeletia hartwegiana,3.98283,-75.9056,0.173202497
Espeletia hanburyana,4.035368,-75.888903,0.047375919
Espeletia boyacensis,7.271472,-75.851222,0.218849618
Espeletia hartwegiana,4.09075,-75.798806,0.708795922
Espeletia occidentalis,6.656368,-75.684,0.662772603
Espeletia occidentalis,6.66393,-75.676,0.226572769
Espeletia occidentalis,6.663933,-75.675997,0.332224544
Espeletia hanburyana,6.671615,-75.670463,0.186053996
Espeletia occidentalis,6.332222,-75.648333,0.501159573
Espeletia occidentalis,6.63301,-75.64763,0.68232329
Espeletia hartwegiana,4.26271,-75.6429,0.322851099
Espeletia hartwegiana,4.26271,-75.64286,0.229633063
Espeletia hartwegiana,4.368806,-75.589083,0.673932245
Espeletia hartwegiana,4.432861,-75.579083,0.278896842
Espeletia grandiflora,4.54624,-75.56151,0.804405199
Espeletia hartwegiana,4.242389,-75.556389,0.089881579
Espeletia occidentalis,6.583333,-75.533333,0.121441643
Espeletia occidentalis,6.583333,-75.533333,0.481872005
Espeletia occidentalis,7,-75.5,0.357948281
Espeletia occidentalis,6.7025,-75.49722,0.357704069
Espeletia occidentalis,6.83833,-75.49388,0.692121265
Espeletia hanburyana,4.81667,-75.4917,0.198716561
Espeletia hanburyana,4.816667,-75.484722,0.436307102
Espeletia hanburyana,4.816667,-75.484722,0.088362377
Espeletia hanburyana,4.816667,-75.484722,0.387262047
Espeletia hanburyana,4.816667,-75.484722,0.230892777
Espeletia hanburyana,4.816667,-75.484722,0.504326668
Espeletia occidentalis,6.816378,-75.480566,0.206525053
Espeletia occidentalis,6.8263,-75.4793,0.515920184
Espeletia occidentalis,6.8263,-75.4793,0.034047081
Espeletia occidentalis,6.8263,-75.4793,0.131726039
Espeletia occidentalis,6.8263,-75.4793,0.342289129
Espeletia occidentalis,6.8361,-75.4729,0.145987668
Espeletia occidentalis,6.8361,-75.4729,0.512275808
Espeletia occidentalis,6.8361,-75.4729,0.267029926
Espeletia occidentalis,6.8361,-75.4729,0.307114595
Espeletia hartwegiana,5.088607,-75.461374,0.006564776
Espeletia hartwegiana,4.62919,-75.43042,0.497651989
Espeletia hartwegiana,4.62919,-75.4304,0.550834882
Espeletia hartwegiana,4.617861,-75.420972,0.150574853
Espeletia hartwegiana,4.779717,-75.405047,0.157004192
Espeletia hartwegiana,4.779717,-75.405047,0.111553955
Espeletia hartwegiana,4.77972,-75.405,0.064938483
Espeletia hartwegiana,4.77972,-75.405,0.611781127
Espeletia hartwegiana,4.69587,-75.4044,0.290519978
Espeletia hartwegiana,4.69587,-75.4044,0.168122253
Espeletia grandiflora,5.092218,-75.401668,0.006947432
Espeletia hartwegiana,5.070875,-75.37823,0.282175697
Espeletia hartwegiana,5.070875,-75.37823,0.454552436
Espeletia hanburyana,4.708,-75.375,0.369538763
Espeletia hartwegiana,4.880958,-75.36623,0.353631463
Espeletia hartwegiana,4.880958,-75.36623,0.48112508
Espeletia hartwegiana,4.880958,-75.36623,0.384619378
Espeletia hartwegiana,4.954722,-75.3575,0.298785445
Espeletia hartwegiana,4.954722,-75.3575,0.511906943
Espeletia hartwegiana,4.954722,-75.3575,0.365205915
Espeletia hartwegiana,4.954722,-75.3575,0.333761015
Espeletia hartwegiana,4.92051,-75.351,0.241525345
Espeletia hartwegiana,5.014798,-75.340803,0.610630752
Espeletia hartwegiana,5.038494,-75.340556,0.164881905
Espeletia hartwegiana,5.038494,-75.340556,0.163137256
Espeletia hartwegiana,5.038494,-75.340556,0.35442729
Espeletia hartwegiana,5.038494,-75.340556,0.461700189
Espeletia hartwegiana,5.038494,-75.340556,0.403198757
Espeletia hartwegiana,5.038494,-75.340556,0.36617714
Espeletia hartwegiana,5.038494,-75.340556,0.145414141
Espeletia hartwegiana,5.038494,-75.340556,0.268332404
Espeletia hartwegiana,5.038494,-75.340556,0.490235295
Espeletia hartwegiana,5.038494,-75.340556,0.257354869
Espeletia killipii,5.038494,-75.340556,0.667385198
Espeletia hanburyana,4.67916,-75.34027,0.449387621
Espeletia hanburyana,4.890536,-75.336001,0.315017401
Espeletia hanburyana,4.890536,-75.336001,0.336671386
Espeletia hanburyana,4.890536,-75.336001,0.091477928
Espeletia hartwegiana,4.892594,-75.32363,0.259218267
Espeletia hartwegiana,4.8925,-75.32361,0.259661555
Espeletia hartwegiana,4.9375,-75.314445,0.405062626
Espeletia hartwegiana,4.9375,-75.314444,0.446656417
Espeletia hartwegiana,4.9194,-75.2994,0.369623399
Espeletia hartwegiana,4.9194,-75.2994,0.671892799
Espeletia hartwegiana,4.919445,-75.279999,0.514546437
Espeletia hartwegiana,4.032325,-75.263801,0.179723197
Espeletia hanburyana,4.885538,-75.251638,0.298275096
Espeletia occidentalis,7.3,-75.25,0.162455995
Espeletia occidentalis,7.3,-75.25,0.047342351
Espeletia restricta,5.725778,-75.248889,0.465619979
Espeletia occidentalis,8.744747,-74.509349,0.376595221
Espeletia perijaensis,10,-74.5,0.191552015
Espeletia perijaensis,10,-74.5,0.329517348
Espeletia perijaensis,10,-74.5,0.072627495
Espeletia grandiflora,3.898083,-74.402017,0.194341705
Espeletia grandiflora,3.898083,-74.402017,0.231648244
Espeletia grandiflora,3.898483,-74.401267,0.444722754
Espeletia grandiflora,3.898483,-74.401267,0.633263872
Espeletia grandiflora,3.8989,-74.40005,0.495816929
Espeletia grandiflora,3.8989,-74.40005,0.11391205
Espeletia grandiflora,3.90305,-74.398483,0.188811572
Espeletia grandiflora,3.90305,-74.398483,0.442301864
Espeletia argentea,3.918133,-74.3935,0.005621607
Espeletia argentea,3.918133,-74.3935,0.344459894
Espeletia argentea,3.918133,-74.3935,0.098359707
Espeletia argentea,3.918133,-74.3935,0.383277562
Espeletia argentea,3.918133,-74.3935,0.308455895
Espeletia argentea,3.918133,-74.3935,0.067056155
Espeletia grandiflora,4.213069,-74.293081,0.075194239
Espeletia grandiflora,4.213069,-74.293081,0.494137728
Espeletia grandiflora,4.213069,-74.293081,0.390279163
Espeletia grandiflora,4.213069,-74.293081,0.607825766
Espeletia grandiflora,4.211561,-74.289861,0.325643147
Espeletia grandiflora,4.211561,-74.289861,0.462241555
Espeletia grandiflora,4.211561,-74.289861,0.341259899
Espeletia grandiflora,4.211561,-74.289861,0.219627003
Espeletia grandiflora,4.211561,-74.289861,0.440659507
Espeletia grandiflora,4.211561,-74.289861,0.061576423
Espeletia grandiflora,4.204861,-74.285581,0.346755839
Espeletia grandiflora,4.204861,-74.285581,0.359757739
Espeletia grandiflora,4.204861,-74.285581,0.191280307
Espeletia grandiflora,4.204861,-74.285581,0.511528107
Espeletia grandiflora,4.204861,-74.285581,0.357000369
Espeletia grandiflora,4.204861,-74.285581,0.170226123
Espeletia grandiflora,4.200431,-74.283511,0.515648145
Espeletia grandiflora,4.200431,-74.283511,0.183395455
Espeletia grandiflora,4.200431,-74.283511,0.393508505
Espeletia grandiflora,4.200431,-74.283511,0.052302422
Espeletia grandiflora,4.200431,-74.283511,0.069908946
Espeletia grandiflora,4.200431,-74.283511,0.467764193
Espeletia grandiflora,4.200419,-74.28305,0.812268929
Espeletia grandiflora,4.200419,-74.28305,0.298747988
Espeletia grandiflora,4.200419,-74.28305,0.487707287
Espeletia grandiflora,4.200419,-74.28305,0.671905301
Espeletia grandiflora,4.200419,-74.28305,0.255894915
Espeletia grandiflora,4.200419,-74.28305,0.172747667
Espeletia grandiflora,4.1112,-74.2335,0.357358964
Espeletia grandiflora,4.254829,-74.230934,0.021946177
Espeletia grandiflora,3.99617,-74.2283,0.486628766
Espeletia grandiflora,4.275639,-74.217371,0.023853883
Espeletia killipii,4.275639,-74.217371,0.537554204
Espeletia killipii,4.275639,-74.217371,0.480730338
Espeletia grandiflora,4.27417,-74.2167,0.401105629
Espeletia grandiflora,4.28072,-74.2125,0.554504816
Espeletia killipii,4.28072,-74.2125,0.402742333
Espeletia grandiflora,5,-74.210778,0.159490833
Espeletia grandiflora,4.28879,-74.2095,0.20353499
Espeletia grandiflora,4.28879,-74.2095,0.145480196
Espeletia killipii,4.28879,-74.2095,0.443722028
Espeletia killipii,4.28879,-74.2095,0.134341979
Espeletia killipii,4.28879,-74.2095,0.188516219
Espeletia killipii,4.28879,-74.2095,0.469572409
Espeletia killipii,4.281521,-74.208384,0.220574162
Espeletia summapacis,4.289836,-74.206703,0.437480573
Espeletia killipii,4.280133,-74.206304,0.437287098
Espeletia barclayana,5,-74.206278,0.598187864
Espeletia cayetana,5.01075,-74.205806,0.584511559
Espeletia killipii,4.27985,-74.205,0.235139717
Espeletia grandiflora,5.0093,-74.204467,0.099042822
Espeletia grandiflora,5.011556,-74.198889,0.507593091
Espeletia grandiflora,4.19925,-74.196281,0.136435775
Espeletia barclayana,5.00726,-74.1918,0.487060765
Espeletia barclayana,5.00726,-74.1918,0.46122548
Espeletia barclayana,5.00726,-74.1918,0.277795495
Espeletia barclayana,5.007868,-74.185751,0.177288881
Espeletia barclayana,5.00203,-74.1854,0.006824764
Espeletia barclayana,4.93333,-74.1833,0.301275213
Espeletia grandiflora,4.1944,-74.1807,0.0680293
Espeletia argentea,5,-74.1667,0.345669716
Espeletia argentea,5,-74.1667,0.164609121
Espeletia argentea,5,-74.1667,0.505130376
Espeletia argentea,5,-74.1667,0.041138601
Espeletia argentea,5,-74.1667,0.319968478
Espeletia argentea,5,-74.1667,0.106948095
Espeletia argentea,5,-74.1667,0.344405026
Espeletia argentea,5,-74.1667,0.241911439
Espeletia argentea,5,-74.1667,0.248536935
Espeletia argentea,5,-74.1667,0.630817993
Espeletia argentea,5,-74.1667,0.235276026
Espeletia argentea,5,-74.1667,0.06707763
Espeletia argentea,5,-74.1667,0.306438973
Espeletia barclayana,5,-74.1667,0.04330903
Espeletia barclayana,5,-74.1667,0.368072115
Espeletia barclayana,5,-74.1667,0.149672563
Espeletia barclayana,5,-74.1667,0.342515805
Espeletia grandiflora,5,-74.1667,0.139579199
Espeletia grandiflora,5,-74.1667,0.491947853
Espeletia grandiflora,5,-74.1667,0.010842072
Espeletia grandiflora,5,-74.1667,0.072632008
Espeletia grandiflora,5,-74.1667,0.574844014
Espeletia grandiflora,5,-74.1667,0.501350456
Espeletia grandiflora,5,-74.1667,0.281265626
Espeletia grandiflora,5,-74.1667,0.379963381
Espeletia grandiflora,5,-74.1667,0.647048733
Espeletia grandiflora,5,-74.1667,0.390148795
Espeletia grandiflora,5,-74.1667,0.209338775
Espeletia grandiflora,5,-74.1667,0.117035263
Espeletia grandiflora,5,-74.1667,0.354336098
Espeletia grandiflora,5,-74.1667,0.66626167
Espeletia grandiflora,5,-74.1667,0.437327774
Espeletia grandiflora,5,-74.1667,0.456357175
Espeletia grandiflora,5,-74.1667,0.397909592
Espeletia grandiflora,5,-74.1667,0.394065692
Espeletia grandiflora,5,-74.1667,0.094886952
Espeletia killipii,5,-74.1667,0.401689063
Espeletia killipii,5,-74.1667,0.173208419
Espeletia killipii,5,-74.1667,0.314929778
Espeletia killipii,5,-74.1667,0.599661027
Espeletia killipii,5,-74.1667,0.282763306
Espeletia killipii,5,-74.1667,0.338609575
Espeletia summapacis,5,-74.1667,0.196095127
Espeletia summapacis,5,-74.1667,0.361487464
Espeletia summapacis,5,-74.1667,0.127760206
Espeletia summapacis,5,-74.1667,0.227654604
Espeletia uribei,5,-74.1667,0.142247367
Espeletia uribei,5,-74.1667,0.571021137
Espeletia uribei,5,-74.1667,0.350637075
Espeletia uribei,5,-74.1667,0.055344518
Espeletia uribei,5,-74.1667,0.366276994
Espeletia uribei,5,-74.1667,0.309899748
Espeletia uribei,5,-74.1667,0.488503812
Espeletia uribei,5,-74.1667,0.538495504
Espeletia uribei,5,-74.1667,0.118912564
Espeletia uribei,5,-74.1667,0.08442793
Espeletia uribei,5,-74.1667,0.398798436
Espeletia uribei,5,-74.1667,0.217002717
Espeletia uribei,5,-74.1667,0.811575541
Espeletia uribei,5,-74.1667,0.192007319
Espeletia uribei,5,-74.1667,0.167871338
Espeletia uribei,5,-74.1667,0.37490578
Espeletia grandiflora,5,-74.16667,0.015039358
Espeletia grandiflora,5,-74.16667,0.099245052
Espeletia grandiflora,5,-74.16667,0.028353159
Espeletia grandiflora,5,-74.16667,0.285986918
Espeletia barclayana,4.97418,-74.1595,0.604732812
Espeletia barclayana,4.97418,-74.1595,0.126836825
Espeletia argentea,5.02511,-74.1505,0.560873388
Espeletia argentea,5.02511,-74.1505,0.506274294
Espeletia grandiflora,5.0265,-74.1503,0.285461535
Espeletia grandiflora,4.25715,-74.11755,0.057848172
Espeletia grandiflora,4.25715,-74.11755,0.533154715
Espeletia grandiflora,4.25715,-74.11755,0.316203248
Espeletia grandiflora,4.25715,-74.11755,0.616895807
Espeletia grandiflora,4.42551,-74.1174,0.472657123
Espeletia killipii,4.42551,-74.1174,0.588667217
Espeletia killipii,4.42551,-74.1174,0.24362283
Espeletia grandiflora,4.253033,-74.11645,0.578342982
Espeletia grandiflora,4.253033,-74.11645,0.386957752
Espeletia grandiflora,4.253033,-74.11645,0.336111716
Espeletia grandiflora,4.253033,-74.11645,0.014493806
Espeletia barclayana,4.788363,-74.114764,0.211723915
Espeletia grandiflora,4.256383,-74.113933,0.426429836
Espeletia grandiflora,4.256383,-74.113933,0.612562654
Espeletia grandiflora,4.256383,-74.113933,0.35220885
Espeletia grandiflora,4.256383,-74.113933,0.194234432
Espeletia grandiflora,4.256383,-74.113933,0.417983322
Espeletia grandiflora,4.256383,-74.113933,0.503324926
Espeletia grandiflora,4.256383,-74.113933,0.10786213
Espeletia grandiflora,4.256383,-74.113933,0.05603373
Espeletia grandiflora,4.342233,-74.100017,0.307267824
Espeletia grandiflora,4.342233,-74.100017,0.327039034
Espeletia grandiflora,4.342233,-74.100017,0.026272063
Espeletia grandiflora,4.342233,-74.100017,0.171612306
Espeletia grandiflora,4.342233,-74.100017,0.292897182
Espeletia grandiflora,4.342233,-74.100017,0.06002692
Espeletia grandiflora,4.342433,-74.099,0.229945684
Espeletia grandiflora,4.342433,-74.099,0.199713168
Espeletia grandiflora,4.3432,-74.098767,0.198659718
Espeletia grandiflora,4.3432,-74.098767,0.233597042
Espeletia grandiflora,4.342817,-74.097883,0.255565555
Espeletia grandiflora,4.342817,-74.097883,0.350888472
Espeletia grandiflora,4.342817,-74.097883,0.268464159
Espeletia grandiflora,4.342817,-74.097883,0.289746114
Espeletia grandiflora,4.3438,-74.09605,0.194146882
Espeletia grandiflora,4.34415,-74.095683,0.013005247
Espeletia grandiflora,4.34415,-74.095683,0.326565226
Espeletia grandiflora,4.34415,-74.095683,0.211674708
Espeletia grandiflora,4.34415,-74.095683,0.049300301
Espeletia grandiflora,4.34415,-74.095683,0.313249671
Espeletia grandiflora,4.34415,-74.095683,0.090361735
Espeletia grandiflora,4.34415,-74.095683,0.299427652
Espeletia grandiflora,4.34415,-74.095683,0.054395498
Espeletia grandiflora,4.46438,-74.0765,0.108668535
Espeletia grandiflora,4.4788,-74.0745,0.162879673
Espeletia argentea,5.08785,-74.06327,0.352219456
Espeletia grandiflora,4.45232,-74.0603,0.397677488
Espeletia grandiflora,4.45232,-74.0603,0.447666738
Espeletia grandiflora,4.45232,-74.0603,0.029509689
Espeletia grandiflora,4.603974,-74.058237,0.27990651
Espeletia grandiflora,4.60397,-74.0582,0.048306042
Espeletia grandiflora,4.607222,-74.054722,0.134615943
Espeletia grandiflora,4.60722,-74.0547,0.444504851
Espeletia grandiflora,4.48584,-74.052868,0.203247529
Espeletia grandiflora,4.48584,-74.052868,0.178183507
Espeletia grandiflora,5.04726,-74.0519,0.321105134
Espeletia grandiflora,5.047262,-74.051862,0.254308716
Espeletia grandiflora,4.523507,-74.045417,0.079405428
Espeletia verdeana,4.523507,-74.045417,0.796702518
Espeletia argentea,4.651096,-74.044809,0.390143241
Espeletia grandiflora,4.651096,-74.044809,0.432940437
Espeletia grandiflora,4.4425,-74.04416,0.390578815
Espeletia argentea,5.05825,-74.042,0.141259869
Espeletia chocontana,5.05825,-74.042,0.332581161
Espeletia grandiflora,5.05825,-74.042,0.285134876
Espeletia argentea,5.058253,-74.041977,0.098327083
Espeletia chocontana,5.058253,-74.041977,0.276406888
Espeletia grandiflora,5.058253,-74.041977,0.284820033
Espeletia verdeana,4.559722,-74.041111,0.403450396
Espeletia verdeana,4.559722,-74.041111,0.629001456
Espeletia verdeana,4.55972,-74.0411,0.034124426
Espeletia verdeana,4.55972,-74.0411,0.781546876
Espeletia argentea,4.406111,-74.033333,0.744263016
Espeletia argentea,4.406111,-74.033333,0.025825066
Espeletia grandiflora,4.406111,-74.033333,0.127892362
Espeletia grandiflora,4.406111,-74.033333,0.222994756
Espeletia grandiflora,4.5721,-74.0325,0.106682759
Espeletia argentea,5.222619,-74.02726,0.432731127
Espeletia barclayana,5.216641,-74.026756,0.479370763
Espeletia verdeana,4.57486,-74.0265,0.067603213
Espeletia verdeana,4.574864,-74.026461,0.311397003
Espeletia grandiflora,4.78444,-74.0239,0.008251319
Espeletia argentea,5.0462,-74.0223,0.454636282
Espeletia argentea,5.0462,-74.0223,0.521050698
Espeletia chocontana,5.0462,-74.0223,0.550890163
Espeletia chocontana,5.046195,-74.02227,0.11799319
Espeletia grandiflora,4.68209,-74.0174,0.26242174
Espeletia argentea,5.04405,-74.0166,0.626908368
Espeletia argentea,4.56264,-74.0152,0.008525548
Espeletia grandiflora,4.67544,-74.0089,0.004287323
Espeletia grandiflora,4.67036,-74.0086,0.662281735
Espeletia grandiflora,4.530694,-74.006639,0.3341179
Espeletia grandiflora,4.530694,-74.006639,0.353116198
Espeletia grandiflora,5.2075,-74.005833,0.185124197
Espeletia grandiflora,4.532667,-74.004306,0.257847282
Espeletia grandiflora,4.532667,-74.004306,0.05340745
Espeletia grandiflora,4.532667,-74.004306,0.60640333
Espeletia grandiflora,4.532667,-74.004306,0.048035067
Espeletia grandiflora,4.532667,-74.004306,0.510726686
Espeletia grandiflora,4.532667,-74.004306,0.139245366
Espeletia grandiflora,4.532667,-74.004306,0.753866856
Espeletia grandiflora,4.532667,-74.004306,0.040299091
Espeletia grandiflora,4.532667,-74.004306,0.042124957
Espeletia grandiflora,4.532667,-74.004306,0.596445237
Espeletia killipii,4.569331,-74.003941,0.284354839
Espeletia grandiflora,4.547306,-74.003278,0.033023513
Espeletia grandiflora,4.547306,-74.003278,0.205031416
Espeletia barclayana,5.21452,-74.0026,0.181552519
Espeletia grandiflora,5.21452,-74.0026,0.041155039
Espeletia argentea,4.551556,-74.000028,0.424077731
Espeletia grandiflora,4.56666,-74,0.294486382
Espeletia argentea,4.535083,-73.999417,0.161122935
Espeletia argentea,5.25436,-73.9955,0.345138847
Espeletia barclayana,5.25931,-73.9926,0.02758444
Espeletia chocontana,5.25931,-73.9926,0.417844512
Espeletia grandiflora,4.563193,-73.991203,0.403830622
Espeletia grandiflora,4.737925,-73.985548,0.28777095
Espeletia uribei,4.737925,-73.985548,0.463863365
Espeletia argentea,4.55884,-73.9833,0.519648372
Espeletia argentea,4.558837,-73.983276,0.370102784
Espeletia argentea,4.558339,-73.980713,0.650431377
Espeletia grandiflora,4.558339,-73.980713,0.53116961
Espeletia grandiflora,4.558339,-73.980713,0.07547183
Espeletia argentea,4.55834,-73.9807,0.283087018
Espeletia grandiflora,4.55834,-73.9807,0.411178447
Espeletia grandiflora,4.55834,-73.9807,0.529384274
Espeletia grandiflora,4.57086,-73.9759,0.560947276
Espeletia barclayana,5.29262,-73.9747,0.34263187
Espeletia barclayana,5.292618,-73.97467,0.369076092
Espeletia summapacis,4.74806,-73.97361,0.165298616
Espeletia chocontana,5.13876,-73.9652,0.566220371
Espeletia chocontana,5.13876,-73.9652,0.253141487
Espeletia chocontana,5.13876,-73.9652,0.288305497
Espeletia chocontana,5.13876,-73.9652,0.435534087
Espeletia chocontana,5.13876,-73.9652,0.083124194
Espeletia chocontana,5.13876,-73.9652,0.353298225
Espeletia chocontana,5.138757,-73.965187,0.442193869
Espeletia chocontana,5.138757,-73.965187,0.064104066
Espeletia chocontana,5.138757,-73.965187,0.317333083
Espeletia chocontana,5.138757,-73.965187,0.14633135
Espeletia chocontana,5.138757,-73.965187,0.381928694
Espeletia chocontana,5.138757,-73.965187,0.367815703
Espeletia grandiflora,4.551964,-73.964568,0.084850363
Espeletia grandiflora,4.551964,-73.964568,0.649540439
Espeletia grandiflora,4.551964,-73.964568,0.051899828
Espeletia argentea,5.14033,-73.9635,0.312743993
Espeletia uribei,4.705898,-73.958607,0.236072166
Espeletia argentea,4.71189,-73.9507,0.28341547
Espeletia grandiflora,4.8,-73.95,0.378157326
Espeletia grandiflora,4.8,-73.95,0.140021535
Espeletia frontinoensis,5.33633,-73.92634,0.256740195
Espeletia grandiflora,4.5606,-73.91851,0.371773508
Espeletia grandiflora,4.85,-73.916667,0.346736951
Espeletia hanburyana,4.85,-73.916667,0.149201171
Espeletia killipii,4.85,-73.916667,0.359734036
Espeletia killipii,4.85,-73.916667,0.005641061
Espeletia killipii,4.896264,-73.912621,0.141540608
Espeletia grandiflora,4.70857,-73.9115,0.2945921
Espeletia grandiflora,4.70857,-73.9115,0.512951602
Espeletia grandiflora,4.70857,-73.9115,0.627960411
Espeletia grandiflora,4.70857,-73.9115,0.321240394
Espeletia grandiflora,4.70857,-73.9115,0.141835872
Espeletia grandiflora,4.70857,-73.9115,0.125347261
Espeletia grandiflora,4.70857,-73.9115,0.185917175
Espeletia grandiflora,4.70857,-73.9115,0.667489542
Espeletia grandiflora,4.70857,-73.9115,0.423100996
Espeletia killipii,4.70857,-73.9115,0.193750141
Espeletia killipii,4.70857,-73.9115,0.204086586
Espeletia uribei,4.70857,-73.9115,0.506383454
Espeletia uribei,4.70857,-73.9115,0.526249055
Espeletia uribei,4.70857,-73.9115,0.130414833
Espeletia killipii,4.70714,-73.91079,0.161412369
Espeletia grandiflora,4.734444,-73.9025,0.238938666
Espeletia grandiflora,4.734444,-73.9025,0.063072568
Espeletia argentea,4.734445,-73.902496,0.566192782
Espeletia grandiflora,4.734445,-73.902496,0.131586049
Espeletia grandiflora,4.734445,-73.902496,0.332861252
Espeletia uribei,4.711752,-73.900047,0.267899235
Espeletia uribei,4.711752,-73.900047,0.390435033
Espeletia uribei,4.711752,-73.900047,0.296727683
Espeletia grandiflora,4.71175,-73.9,0.22615459
Espeletia uribei,4.71175,-73.9,0.43673746
Espeletia uribei,4.71175,-73.9,0.425100866
Espeletia uribei,4.71175,-73.9,0.28341356
Espeletia argentea,4.70823,-73.8931,0.478055124
Espeletia uribei,4.70823,-73.8931,0.307484971
Espeletia grandiflora,4.708234,-73.893097,0.224980819
Espeletia chocontana,5.200831,-73.890846,0.508250986
Espeletia chocontana,5.200831,-73.890846,0.49725735
Espeletia chocontana,5.20083,-73.8908,0.391663602
Espeletia chocontana,5.20083,-73.8908,0.749169734
Espeletia neriifolia,10.916667,-73.883333,0.259443343
Espeletia grandiflora,4.738333,-73.88,0.457955175
Espeletia grandiflora,4.738333,-73.88,0.19500377
Espeletia grandiflora,4.738333,-73.88,0.349939796
Espeletia grandiflora,4.738333,-73.879997,0.176680127
Espeletia grandiflora,4.738333,-73.879997,0.254200621
Espeletia grandiflora,4.738333,-73.879997,0.455186454
Espeletia killipii,4.76501,-73.858981,0.425846535
Espeletia uribei,4.69929,-73.8564,0.150224103
Espeletia uribei,4.69929,-73.8564,0.426928304
Espeletia killipii,4.70544,-73.8535,0.419304511
Espeletia grandiflora,4.766389,-73.8525,0.455281988
Espeletia argentea,4.80699,-73.85173,0.626227102
Espeletia argentea,4.80699,-73.85173,0.447814857
Espeletia argentea,4.80699,-73.85173,0.307588336
Espeletia argentea,4.80699,-73.85173,0.125329429
Espeletia grandiflora,4.80699,-73.85173,0.414593576
Espeletia grandiflora,4.80699,-73.85173,0.368545738
Espeletia argentea,4.81917,-73.8506,0.272432762
Espeletia killipii,4.81917,-73.8506,0.163841494
Espeletia killipii,4.81917,-73.8506,0.415157931
Espeletia argentea,4.819167,-73.850556,0.407859322
Espeletia killipii,4.819167,-73.850556,0.285217118
Espeletia killipii,4.819167,-73.850556,0.395567352
Espeletia argentea,4.81111,-73.8492,0.311009845
Espeletia argentea,4.81111,-73.8492,0.577810308
Espeletia argentea,4.81111,-73.8492,0.481798564
Espeletia argentea,4.81111,-73.8492,0.180526697
Espeletia grandiflora,4.81111,-73.8492,0.503399428
Espeletia grandiflora,4.81111,-73.8492,0.493041228
Espeletia grandiflora,4.81111,-73.8492,0.431631882
Espeletia grandiflora,4.81111,-73.8492,0.15879876
Espeletia guascensis,4.81111,-73.8492,0.097459722
Espeletia killipii,4.81111,-73.8492,0.092623433
Espeletia killipii,4.81111,-73.8492,0.102743856
Espeletia killipii,4.81111,-73.8492,0.101258416
Espeletia argentea,4.811111,-73.849167,0.353056298
Espeletia killipii,4.811111,-73.849167,0.270186456
Espeletia grandiflora,4.764625,-73.848835,0.553836572
Espeletia killipii,4.80003,-73.84531,0.209355708
Espeletia grandiflora,4.735972,-73.845111,0.42214563
Espeletia grandiflora,4.739222,-73.844861,0.07148808
Espeletia grandiflora,4.736472,-73.838889,0.330272037
Espeletia grandiflora,4.72526,-73.8345,0.482746422
Espeletia uribei,4.730556,-73.832222,0.082065936
Espeletia uribei,4.730556,-73.832222,0.053623987
Espeletia uribei,4.730556,-73.832222,0.163750624
Espeletia uribei,4.730556,-73.832222,0.055677891
Espeletia uribei,4.730556,-73.832222,0.465533115
Espeletia uribei,4.730556,-73.832222,0.605647104
Espeletia uribei,4.730556,-73.832222,0.452011567
Espeletia killipii,4.73133,-73.8305,0.226240598
Espeletia grandiflora,4.85129,-73.8303,0.231623228
Espeletia killipii,4.85129,-73.8303,0.406916195
Espeletia uribei,4.71605,-73.8293,0.407025024
Espeletia grandiflora,4.76056,-73.8291,0.12975273
Espeletia grandiflora,4.76056,-73.8291,0.0651108
Espeletia grandiflora,4.71537,-73.8274,0.36486354
Espeletia grandiflora,4.71795,-73.8264,0.052251373
Espeletia grandiflora,4.71795,-73.8264,0.522728458
Espeletia grandiflora,4.71795,-73.8264,0.263096135
Espeletia grandiflora,4.71795,-73.8264,0.267241288
Espeletia grandiflora,4.84444,-73.8264,0.20539263
Espeletia grandiflora,4.863417,-73.824857,0.338057524
Espeletia grandiflora,4.478142,-73.823101,0.113120224
Espeletia grandiflora,4.78945,-73.8221,0.254999302
Espeletia grandiflora,4.78945,-73.822067,0.406442152
Espeletia killipii,4.78945,-73.822067,0.140284898
Espeletia argentea,4.79674,-73.818,0.320221975
Espeletia argentea,4.79674,-73.818,0.11353956
Espeletia grandiflora,4.79674,-73.818,0.099207423
Espeletia grandiflora,4.79674,-73.818,0.164104712
Espeletia grandiflora,4.79674,-73.818,0.360953859
Espeletia argentea,4.796742,-73.817993,0.533516791
Espeletia argentea,4.796742,-73.817993,0.090037334
Espeletia grandiflora,4.796742,-73.817993,0.236872315
Espeletia grandiflora,4.796742,-73.817993,0.359734642
Espeletia grandiflora,4.796742,-73.817993,0.216045066
Espeletia killipii,4.5314,-73.81271,0.064373941
Espeletia killipii,4.5314,-73.81271,0.324040541
Espeletia killipii,4.709167,-73.806944,0.297691477
Espeletia killipii,4.709167,-73.806944,0.285192982
Espeletia killipii,4.709167,-73.806944,0.353138364
Espeletia killipii,4.709167,-73.806944,0.448266267
Espeletia killipii,4.709167,-73.806944,0.584903455
Espeletia killipii,4.84514,-73.8067,0.363171692
Espeletia grandiflora,4.705,-73.806139,0.34072906
Espeletia grandiflora,4.80213,-73.8052,0.239025203
Espeletia grandiflora,4.80213,-73.8052,0.143314284
Espeletia grandiflora,4.80213,-73.8052,0.435783208
Espeletia grandiflora,4.802132,-73.805153,0.299632918
Espeletia grandiflora,4.802132,-73.805153,0.009535109
Espeletia grandiflora,4.802132,-73.805153,0.354326556
Espeletia argentea,4.8325,-73.80166,0.102494765
Espeletia grandiflora,4.650115,-73.800423,0.382631086
Espeletia killipii,4.84582,-73.7917,0.225861488
Espeletia killipii,4.84582,-73.7917,0.292009713
Espeletia grandiflora,4.81224,-73.7914,0.461993178
Espeletia grandiflora,4.812236,-73.791397,0.092319748
Espeletia grandiflora,4.481641,-73.791329,0.227643835
Espeletia grandiflora,4.481641,-73.791329,0.175657978
Espeletia congestiflora,4.974216,-73.786728,0.204582071
Espeletia killipii,4.81529,-73.7862,0.113980622
Espeletia grandiflora,4.81538,-73.7862,0.464765394
Espeletia killipii,4.815288,-73.786171,0.716585115
Espeletia grandiflora,4.815382,-73.786163,0.122149523
Espeletia grandiflora,4.485166,-73.785122,0.068636637
Espeletia grandiflora,4.489481,-73.784494,0.308670054
Espeletia uribei,4.49432,-73.7839,0.335397221
Espeletia uribei,4.49432,-73.7839,0.055680142
Espeletia uribei,4.49432,-73.7839,0.18632095
Espeletia uribei,4.49432,-73.7839,0.164042805
Espeletia uribei,4.49432,-73.7839,0.181398139
Espeletia uribei,4.49432,-73.7839,0.306032142
Espeletia uribei,4.49432,-73.7839,0.36153547
Espeletia uribei,4.49432,-73.7839,0.533108151
Espeletia uribei,4.49432,-73.7839,0.152676926
Espeletia argentea,4.476712,-73.78323,0.302787696
Espeletia grandiflora,4.476712,-73.78323,0.625871635
Espeletia grandiflora,4.490217,-73.782625,0.278855391
Espeletia argentea,4.529502,-73.782096,0.29577641
Espeletia grandiflora,4.288911,-73.778112,0.333568309
Espeletia uribei,4.475694,-73.777583,0.214878737
Espeletia grandiflora,4.98107,-73.77638,0.099852498
Espeletia argentea,4.54378,-73.76634,0.147005854
Espeletia argentea,4.54378,-73.76634,0.306163937
Espeletia grandiflora,5.039081,-73.764035,0.525332103
Espeletia grandiflora,5.039081,-73.764035,0.068684387
Espeletia argentea,4.522222,-73.746944,0.493195921
Espeletia argentea,4.522222,-73.746944,0.44950939
Espeletia grandiflora,4.480781,-73.742947,0.406982718
Espeletia grandiflora,4.54076,-73.7356,0.504454762
Espeletia argentea,4.63541,-73.734216,0.351372962
Espeletia grandiflora,4.52683,-73.7333,0.769491564
Espeletia grandiflora,4.526825,-73.733276,0.453768101
Espeletia grandiflora,4.641667,-73.730444,0.473378027
Espeletia argentea,4.967222,-73.729722,0.299291633
Espeletia brachyaxiantha,5.744322,-73.713811,0.421088059
Espeletia grandiflora,4.53165,-73.7138,0.323718739
Espeletia grandiflora,4.5328,-73.713547,0.100831248
Espeletia grandiflora,4.5328,-73.713547,0.368577816
Espeletia grandiflora,4.5328,-73.7135,0.28163244
Espeletia grandiflora,4.5328,-73.7135,0.298407156
Espeletia pescana,5.745406,-73.712922,0.250587629
Espeletia argentea,4.523472,-73.711516,0.606792384
Espeletia grandiflora,4.534549,-73.707802,0.079991858
Espeletia grandiflora,4.53455,-73.7078,0.514533564
Espeletia argentea,4.559205,-73.683327,0.565871643
Espeletia argentea,4.559205,-73.683327,0.0446185
Espeletia argentea,4.559205,-73.683327,0.59053783
Espeletia argentea,4.559205,-73.683327,0.262455308
Espeletia uribei,4.559205,-73.683327,0.711495703
Espeletia uribei,4.559205,-73.683327,0.178948142
Espeletia uribei,4.559205,-73.683327,0.460324188
Espeletia argentea,4.55921,-73.6833,0.474436307
Espeletia argentea,4.55921,-73.6833,0.002585642
Espeletia argentea,4.55921,-73.6833,0.113497289
Espeletia argentea,4.55921,-73.6833,0.305152253
Espeletia uribei,4.55921,-73.6833,0.31484456
Espeletia uribei,4.55921,-73.6833,0.403885655
Espeletia uribei,4.55921,-73.6833,0.302538997
Espeletia occulta,10.73,-73.67,0.538314118
Espeletia occulta,10.733334,-73.666664,0.262982344
Espeletia uribei,4.459167,-73.619722,0.578296259
Espeletia miradorensis,4.459389,-73.616917,0.414203891
Espeletia uribei,4.459389,-73.616917,0.559982901
Espeletia uribei,4.459389,-73.616917,0.045065278
Espeletia murilloi,5.192056,-73.5695,0.028978026
Espeletia murilloi,5.192056,-73.5695,0.242702329
Espeletia murilloi,5.44375,-73.568056,0.087057818
Espeletia argentea,5.211358,-73.557444,0.449315524
Espeletia grandiflora,5.211358,-73.557444,0.289857352
Espeletia chocontana,5.19633,-73.5453,0.627629054
Espeletia chocontana,5.196332,-73.54528,0.554621861
Espeletia barclayana,5.21937,-73.53308,0.68551223
Espeletia barclayana,5.21937,-73.53308,0.183489511
Espeletia barclayana,5.21937,-73.53308,0.40114476
Espeletia barclayana,5.21937,-73.53308,0.065891183
Espeletia barclayana,5.21937,-73.53308,0.34278075
Espeletia boyacensis,5.21937,-73.53308,0.374574982
Espeletia murilloi,5.21937,-73.53308,0.766319191
Espeletia arbelaezii,5.22176,-73.53231,0.308928715
Espeletia arbelaezii,5.22176,-73.53231,0.170520186
Espeletia murilloi,5.7335,-73.483757,0.340441438
Espeletia murilloi,5.7335,-73.483757,0.352850273
Espeletia murilloi,5.7335,-73.483757,0.168784786
Espeletia boyacensis,5.642222,-73.482778,0.19544691
Espeletia killipii,4.73,-73.48,0.32105404
Espeletia killipii,4.73,-73.48,0.403682245
Espeletia boyacensis,5.69007,-73.4518,0.369046643
Espeletia barclayana,5.684694,-73.442111,0.249395516
Espeletia barclayana,5.68444,-73.4419,0.361500372
Espeletia barclayana,5.686,-73.441667,0.146578407
Espeletia barclayana,5.68583,-73.4416,0.27909531
Espeletia barclayana,5.684083,-73.441139,0.178861641
Espeletia barclayana,5.684083,-73.441139,0.286350104
Espeletia barclayana,5.684083,-73.441139,0.122228219
Espeletia barclayana,5.68388,-73.4411,0.409074368
Espeletia barclayana,5.68388,-73.4411,0.359765989
Espeletia barclayana,5.68388,-73.4411,0.318219358
Espeletia boyacensis,5.683667,-73.440028,0.356505983
Espeletia boyacensis,5.683667,-73.440028,0.445111061
Espeletia boyacensis,5.68361,-73.44,0.038147196
Espeletia boyacensis,5.68361,-73.44,0.291861481
Espeletia murilloi,5.6904,-73.4391,0.469870639
Espeletia murilloi,5.6904,-73.4391,0.087975759
Espeletia murilloi,5.68695,-73.43684,0.001600485
Espeletia murilloi,5.687804,-73.436724,0.354676732
Espeletia murilloi,5.749925,-73.43629,0.042259309
Espeletia boyacensis,5.709487,-73.436216,0.182905835
Espeletia boyacensis,5.70949,-73.4362,0.039831727
Espeletia barclayana,5.690389,-73.434111,0.27854049
Espeletia barclayana,5.690389,-73.434111,0.266731279
Espeletia barclayana,5.690389,-73.434111,0.181809767
Espeletia incana,5.690389,-73.434111,0.141132348
Espeletia barclayana,5.707722,-73.433917,0.218970092
Espeletia barclayana,5.707722,-73.433917,0.397909707
Espeletia barclayana,5.69027,-73.4338,0.146757361
Espeletia barclayana,5.69027,-73.4338,0.311553947
Espeletia barclayana,5.69027,-73.4338,0.359744514
Espeletia incana,5.69027,-73.4338,0.404656759
Espeletia barclayana,5.7075,-73.4338,0.546737643
Espeletia barclayana,5.7075,-73.4338,0.293733747
Espeletia murilloi,5.446238,-73.433715,0.68618778
Espeletia murilloi,5.446238,-73.433715,0.502901187
Espeletia murilloi,5.44624,-73.4337,0.054609452
Espeletia murilloi,5.44624,-73.4337,0.50748267
Espeletia murilloi,5.695612,-73.433657,0.263871604
Espeletia incana,5.689,-73.433306,0.358993686
Espeletia incana,5.689,-73.433306,0.109622511
Espeletia incana,5.689,-73.433306,0.007973437
Espeletia incana,5.689,-73.433306,0.275137296
Espeletia incana,5.68888,-73.433,0.241782102
Espeletia incana,5.68888,-73.433,0.304869952
Espeletia incana,5.68888,-73.433,0.178934335
Espeletia incana,5.68888,-73.433,0.044476691
Espeletia boyacensis,5.76987,-73.4297,0.317750757
Espeletia tunjana,5.50635,-73.4217,0.055263499
Espeletia tunjana,5.50635,-73.4217,0.393622104
Espeletia tunjana,5.50635,-73.421669,0.410366986
Espeletia tunjana,5.50635,-73.421669,0.379429216
Espeletia arbelaezii,5.766502,-73.415513,0.205175366
Espeletia arbelaezii,5.7665,-73.4155,0.235390026
Espeletia boyacensis,5.75616,-73.4154,0.204924414
Espeletia boyacensis,5.756158,-73.415369,0.327665483
Espeletia tunjana,5.766142,-73.415224,0.162349131
Espeletia tunjana,5.76614,-73.4152,0.639614619
Espeletia murilloi,5.75546,-73.4127,0.248777
Espeletia nemekenei,5.73148,-73.411972,0.08170966
Espeletia barclayana,5.6875,-73.405556,0.582715273
Espeletia boyacensis,5.6875,-73.405556,0.148478985
Espeletia tunjana,5.71946,-73.3839,0.433725656
Espeletia boyacensis,5.741917,-73.383694,0.269452233
Espeletia tunjana,5.72184,-73.3785,0.392842844
Espeletia tunjana,5.72184,-73.3785,0.542571372
Espeletia tunjana,5.721836,-73.378468,0.227003543
Espeletia tunjana,5.721836,-73.378468,0.817943318
Espeletia arbelaezii,5.754028,-73.376333,0.662219899
Espeletia murilloi,5.751778,-73.375417,0.030987986
Espeletia argentea,5.765639,-73.363917,0.121492776
Espeletia murilloi,5.765639,-73.363917,0.501429113
Espeletia argentea,5.73747,-73.34992,0.330146841
Espeletia argentea,5.63038,-73.3324,0.384658331
Espeletia argentea,5.63038,-73.3324,0.392377623
Espeletia nemekenei,5.159219,-73.303486,0.033187195
Espeletia barclayana,5.813611,-73.251528,0.344191481
Espeletia boyacensis,5.813611,-73.251528,0.217322589
Espeletia conglomerata,7,-73.25,0.343293875
Espeletia conglomerata,7,-73.25,0.145713868
Espeletia conglomerata,7,-73.25,0.282686599
Espeletia conglomerata,7,-73.25,0.105840564
Espeletia conglomerata,7,-73.25,0.40932255
Espeletia conglomerata,7,-73.25,0.370724391
Espeletia conglomerata,7,-73.25,0.324873227
Espeletia conglomerata,7,-73.25,0.438123764
Espeletia conglomerata,7,-73.25,0.398813429
Espeletia conglomerata,7,-73.25,0.076769932
Espeletia conglomerata,7,-73.25,0.239105484
Espeletia conglomerata,7,-73.25,0.203661411
Espeletia conglomerata,7,-73.25,0.57311466
Espeletia dugandii,7,-73.25,0.378364219
Espeletia dugandii,7,-73.25,0.075863333
Espeletia dugandii,7,-73.25,0.414412485
Espeletia estanislana,7,-73.25,0.361658666
Espeletia estanislana,7,-73.25,0.638153896
Espeletia standleyana,7,-73.25,0.297254601
Espeletia standleyana,7,-73.25,0.203930602
Espeletia standleyana,7,-73.25,0.182392028
Espeletia standleyana,7,-73.25,0.53269356
Espeletia standleyana,7,-73.25,0.102975134
Espeletia standleyana,7,-73.25,0.40106877
Espeletia roberti,7.8425,-73.2353,0.7419716
Espeletia roberti,7.8425,-73.2353,0.160993856
Espeletia boyacensis,5.413083,-73.23325,0.348007669
Espeletia murilloi,5.412556,-73.227333,0.220045569
Espeletia murilloi,5.413994,-73.227167,0.298880069
Espeletia murilloi,5.413639,-73.226806,0.311705273
Espeletia roberti,7.84712,-73.2179,0.503360934
Espeletia pescana,5.471333,-73.171667,0.398487641
Espeletia pescana,5.472111,-73.171028,0.299670318
Espeletia pescana,5.46875,-73.170611,0.227808441
Espeletia pescana,5.472917,-73.170306,0.241677157
Espeletia pescana,5.468861,-73.169833,0.137675495
Espeletia pescana,5.469611,-73.168806,0.634787016
Espeletia boyacensis,5.491667,-73.167778,0.047068903
Espeletia boyacensis,5.491667,-73.167778,0.330588002
Espeletia boyacensis,5.491667,-73.167778,0.247329469
Espeletia murilloi,5.491667,-73.167778,0.481862182
Espeletia cachaluensis,6.012083,-73.147742,0.308661732
Espeletia chontalensis,6.012083,-73.147742,0.479865916
Espeletia paipana,5.855583,-73.147361,0.205306825
Espeletia paipana,5.853139,-73.142583,0.597778091
Espeletia murilloi,5.852333,-73.138389,0.335840703
Espeletia congestiflora,5.851917,-73.135056,0.132511292
Espeletia murilloi,5.55439,-73.1347,0.672803619
Espeletia tunjana,5.55439,-73.1347,0.084170595
Espeletia pescana,5.51767,-73.133568,0.353863093
Espeletia pescana,5.51767,-73.133568,0.152832728
Espeletia pescana,5.51767,-73.133568,0.114901729
Espeletia boyacensis,5.52268,-73.1302,0.447166449
Espeletia murilloi,5.860028,-73.129972,0.065621166
Espeletia argentea,5.860389,-73.129944,0.129160373
Espeletia incana,5.861833,-73.128556,0.167844423
Espeletia tunjana,5.50265,-73.1269,0.500481609
Espeletia tunjana,5.50265,-73.1269,0.2082023
Espeletia brachyaxiantha,6.00143,-73.12633,0.437370761
Espeletia annemariana,5.75953,-73.12176,0.242056255
Espeletia annemariana,5.75953,-73.12176,0.221534132
Espeletia lopezii,5.75953,-73.12176,0.10546863
Espeletia boyacensis,5.454278,-73.117694,0.737075988
Espeletia murilloi,5.5253,-73.115,0.00127808
Espeletia tunjana,5.5253,-73.115,0.325500743
Espeletia boyacensis,5.464889,-73.114222,0.505632622
Espeletia boyacensis,5.464889,-73.112167,0.004885936
Espeletia tunjana,5.55122,-73.11165,0.558763942
Espeletia brachyaxiantha,5.464139,-73.109944,0.195637331
Espeletia boyacensis,5.93611,-73.1087,0.400397309
Espeletia boyacensis,5.93611,-73.1087,0.110573281
Espeletia boyacensis,5.93611,-73.1087,0.403250815
Espeletia congestiflora,5.93611,-73.1087,0.526910318
Espeletia murilloi,5.93611,-73.1087,0.553988138
Espeletia boyacensis,5.936108,-73.108673,0.763570995
Espeletia boyacensis,5.936108,-73.108673,0.078817172
Espeletia boyacensis,5.936108,-73.108673,0.484168765
Espeletia congestiflora,5.936108,-73.108673,0.118405691
Espeletia murilloi,5.936108,-73.108673,0.032050144
Espeletia boyacensis,5.940556,-73.103611,0.453563924
Espeletia boyacensis,5.940556,-73.103611,0.222689978
Espeletia boyacensis,5.948056,-73.101944,0.262730158
Espeletia boyacensis,5.948056,-73.101944,0.501926947
Espeletia boyacensis,5.94806,-73.1019,0.007250212
Espeletia boyacensis,5.94806,-73.1019,0.070574083
Espeletia boyacensis,5.467278,-73.098917,0.54574397
Espeletia boyacensis,5.467583,-73.096889,0.105668135
Espeletia boyacensis,5.94889,-73.0893,0.22277932
Espeletia incana,5.921297,-73.088343,0.218646356
Espeletia murilloi,5.93676,-73.086,0.1433802
Espeletia incana,5.914444,-73.085556,0.142120557
Espeletia incana,5.914444,-73.085556,0.086802576
Espeletia boyacensis,5.45608,-73.0839,0.455644893
Espeletia murilloi,5.911111,-73.083333,0.142725688
Espeletia murilloi,5.911111,-73.083333,0.173922114
Espeletia murilloi,5.911111,-73.083333,0.580442145
Espeletia congestiflora,5.915278,-73.083333,0.409010588
Espeletia congestiflora,5.915278,-73.083333,0.284914687
Espeletia congestiflora,5.915278,-73.083333,0.174817186
Espeletia congestiflora,5.915278,-73.083333,0.431205711
Espeletia murilloi,5.91111,-73.0833,0.506184473
Espeletia incana,5.92398,-73.083,0.30909393
Espeletia boyacensis,5.4503,-73.0822,0.317036852
Espeletia murilloi,5.4503,-73.0822,0.049296654
Espeletia boyacensis,5.450304,-73.082194,0.143700734
Espeletia murilloi,5.450304,-73.082194,0.843791643
Espeletia murilloi,5.672222,-73.075,0.115239092
Espeletia boyacensis,5.905556,-73.075,0.461991741
Espeletia boyacensis,5.905556,-73.075,0.373434059
Espeletia murilloi,5.905556,-73.075,0.101697641
Espeletia murilloi,5.90556,-73.075,0.385655165
Espeletia hartwegiana,3.901155,-73.073369,0.172154113
Espeletia murilloi,5.899167,-73.07,0.292840397
Espeletia murilloi,5.899167,-73.07,0.238550929
Espeletia murilloi,5.899167,-73.07,0.239194759
Espeletia tunjana,5.680278,-73.028222,0.539751371
Espeletia murilloi,5.48079,-73.0274,0.453149741
Espeletia tunjana,5.72325,-73.023028,0.715955907
Espeletia congestiflora,5.91918,-73.01184,0.019931355
Espeletia brachyaxiantha,5.94433,-73.00413,0.130710329
Espeletia brachyaxiantha,5.93991,-73.00305,0.244299012
Espeletia boyacensis,5.93566,-73.00254,0.884491799
Espeletia arbelaezii,5.935336,-73.00243,0.588103045
Espeletia arbelaezii,5.93536,-73.00243,0.080562752
Espeletia arbelaezii,5.93536,-73.00243,0.091925554
Espeletia murilloi,5.9294,-73.00015,0.162635549
Espeletia argentea,5.66667,-73,0.00550472
Espeletia congestiflora,5.66667,-73,0.196178274
Espeletia conglomerata,5.66667,-73,0.284270454
Espeletia incana,5.66667,-73,0.737562895
Espeletia murilloi,5.66667,-73,0.114006118
Espeletia brassicoidea,8,-73,0.200649382
Espeletia brassicoidea,8,-73,0.038260146
Espeletia brassicoidea,8,-73,0.064272024
Espeletia brassicoidea,8,-73,0.045338248
Espeletia brassicoidea,8,-73,0.363768237
Espeletia brassicoidea,8,-73,0.334397506
Espeletia conglomerata,8,-73,0.062182624
Espeletia conglomerata,8,-73,0.010947544
Espeletia conglomerata,8,-73,0.108832763
Espeletia conglomerata,8,-73,0.051397103
Espeletia conglomerata,8,-73,0.410424382
Espeletia conglomerata,8,-73,0.604719798
Espeletia conglomerata,8,-73,0.507412851
Espeletia conglomerata,8,-73,0.379639337
Espeletia conglomerata,8,-73,0.5092085
Espeletia conglomerata,8,-73,0.394936135
Espeletia congestiflora,5.92918,-72.99969,0.351738226
Espeletia congestiflora,5.92917,-72.9996,0.455848556
Espeletia conglomerata,7.769667,-72.994778,0.035299407
Espeletia conglomerata,7.769667,-72.994778,0.100126174
Espeletia occulta,7.769667,-72.994778,0.219906081
Espeletia occulta,7.769667,-72.994778,0.39400358
Espeletia brassicoidea,7.77523,-72.99172,0.0254068
Espeletia argentea,6.043775,-72.988067,0.264150616
Espeletia argentea,6.044994,-72.987108,0.302069038
Espeletia boyacensis,6.037861,-72.980528,0.342671079
Espeletia murilloi,5.92942,-72.9754,0.490984224
Espeletia tunjana,5.92932,-72.975,0.202253489
Espeletia brachyaxiantha,6.026056,-72.968389,0.121455776
Espeletia brachyaxiantha,6.027917,-72.96625,0.353685687
Espeletia brachyaxiantha,6.028833,-72.965833,0.393992481
Espeletia grandiflora,4.095833,-72.958333,0.207302715
Espeletia grandiflora,4.095833,-72.958333,0.504530674
Espeletia grandiflora,4.095833,-72.958333,0.300693261
Espeletia grandiflora,4.095833,-72.958333,0.63123942
Espeletia hartwegiana,4.095833,-72.958333,0.020011628
Espeletia hartwegiana,4.095833,-72.958333,0.335513726
Espeletia hartwegiana,4.095833,-72.958333,0.418206174
Espeletia moritziana,4.095833,-72.958333,0.097266517
Espeletia nemekenei,6.01455,-72.9559,0.291546328
Espeletia perijaensis,10.2623,-72.9549,0.192772953
Espeletia incana,6.02468,-72.9502,0.217441188
Espeletia conglomerata,7.209972,-72.9378,0.47572498
Espeletia oswaldiana,5.48453,-72.934624,0.355477198
Espeletia oswaldiana,5.48453,-72.934624,0.503985625
Espeletia oswaldiana,5.48453,-72.9346,0.210257845
Espeletia oswaldiana,5.48453,-72.9346,0.648284478
Espeletia rositae,6.31591,-72.926,0.144009395
Espeletia perijaensis,10.372833,-72.92175,0.354461676
Espeletia tunjana,5.938389,-72.919306,0.109679122
Espeletia tunjana,5.939472,-72.919,0.090021784
Espeletia azucarina,6.10131,-72.91899,0.204561025
Espeletia discoidea,6.09403,-72.91146,0.254754073
Espeletia discoidea,6.09403,-72.91146,0.376906165
Espeletia standleyana,7.196528,-72.909639,0.754367585
Espeletia grandiflora,4.1,-72.908889,0.135545188
Espeletia grandiflora,4.1,-72.908889,0.40888986
Espeletia discoidea,6.06629,-72.90034,0.437949019
Espeletia barclayana,7.258353,-72.900014,0.583372508
Espeletia perijaensis,10.450765,-72.897057,0.081167082
Espeletia rositae,7.171389,-72.873333,0.215067452
Espeletia rositae,7.17139,-72.8733,0.585895813
Espeletia canescens,7.389999,-72.866977,0.232122395
Espeletia almorzana,3.8811,-72.8667,0.349578365
Espeletia annemariana,3.8811,-72.8667,0.023032015
Espeletia annemariana,3.8811,-72.8667,0.453814396
Espeletia arbelaezii,3.8811,-72.8667,0.664822147
Espeletia arbelaezii,3.8811,-72.8667,0.479259487
Espeletia argentea,3.8811,-72.8667,0.33336584
Espeletia argentea,3.8811,-72.8667,0.102559286
Espeletia atropurpurea,3.8811,-72.8667,0.307574858
Espeletia brachyaxiantha,3.8811,-72.8667,0.31162355
Espeletia brachyaxiantha,3.8811,-72.8667,0.556258606
Espeletia brassicoidea,3.8811,-72.8667,0.113264678
Espeletia brassicoidea,3.8811,-72.8667,0.506677953
Espeletia brassicoidea,3.8811,-72.8667,0.05140122
Espeletia brassicoidea,3.8811,-72.8667,0.333680016
Espeletia brassicoidea,3.8811,-72.8667,0.389148832
Espeletia brassicoidea,3.8811,-72.8667,0.161795562
Espeletia chocontana,3.8811,-72.8667,0.271994975
Espeletia chocontana,3.8811,-72.8667,0.221580215
Espeletia chocontana,3.8811,-72.8667,0.309704033
Espeletia chocontana,3.8811,-72.8667,0.506311589
Espeletia congestiflora,3.8811,-72.8667,0.288493416
Espeletia congestiflora,3.8811,-72.8667,0.168125094
Espeletia congestiflora,3.8811,-72.8667,0.337073668
Espeletia congestiflora,3.8811,-72.8667,0.245023134
Espeletia congestiflora,3.8811,-72.8667,0.673327731
Espeletia conglomerata,3.8811,-72.8667,0.134291776
Espeletia conglomerata,3.8811,-72.8667,0.622954277
Espeletia conglomerata,3.8811,-72.8667,0.457428108
Espeletia conglomerata,3.8811,-72.8667,0.461426768
Espeletia conglomerata,3.8811,-72.8667,0.323857942
Espeletia conglomerata,3.8811,-72.8667,0.230435329
Espeletia grandiflora,3.8811,-72.8667,0.391036031
Espeletia grandiflora,3.8811,-72.8667,0.574920013
Espeletia grandiflora,3.8811,-72.8667,0.144344591
Espeletia grandiflora,3.8811,-72.8667,0.001909389
Espeletia grandiflora,3.8811,-72.8667,0.068975163
Espeletia grandiflora,3.8811,-72.8667,0.357914704
Espeletia grandiflora,3.8811,-72.8667,0.386298809
Espeletia grandiflora,3.8811,-72.8667,0.160381906
Espeletia grandiflora,3.8811,-72.8667,0.306599975
Espeletia grandiflora,3.8811,-72.8667,0.164082428
Espeletia grandiflora,3.8811,-72.8667,0.713965838
Espeletia grandiflora,3.8811,-72.8667,0.025535053
Espeletia guascensis,3.8811,-72.8667,0.089365146
Espeletia guascensis,3.8811,-72.8667,0.56748187
Espeletia guascensis,3.8811,-72.8667,0.387684044
Espeletia hartwegiana,3.8811,-72.8667,0.421677396
Espeletia hartwegiana,3.8811,-72.8667,0.460773969
Espeletia hartwegiana,3.8811,-72.8667,0.362512249
Espeletia incana,3.8811,-72.8667,0.427499456
Espeletia incana,3.8811,-72.8667,0.157165758
Espeletia incana,3.8811,-72.8667,0.586601595
Espeletia incana,3.8811,-72.8667,0.424087264
Espeletia incana,3.8811,-72.8667,0.115020934
Espeletia incana,3.8811,-72.8667,0.520874068
Espeletia killipii,3.8811,-72.8667,0.60359361
Espeletia lopezii,3.8811,-72.8667,0.457228241
Espeletia lopezii,3.8811,-72.8667,0.390244445
Espeletia lopezii,3.8811,-72.8667,0.186260669
Espeletia lopezii,3.8811,-72.8667,0.234358678
Espeletia lopezii,3.8811,-72.8667,0.076107997
Espeletia moritziana,3.8811,-72.8667,0.036586108
Espeletia murilloi,3.8811,-72.8667,0.098707762
Espeletia murilloi,3.8811,-72.8667,0.220358364
Espeletia murilloi,3.8811,-72.8667,0.285584399
Espeletia murilloi,3.8811,-72.8667,0.340536891
Espeletia murilloi,3.8811,-72.8667,0.262213123
Espeletia nemekenei,3.8811,-72.8667,0.455335735
Espeletia nemekenei,3.8811,-72.8667,0.206645862
Espeletia nemekenei,3.8811,-72.8667,0.429949483
Espeletia nemekenei,3.8811,-72.8667,0.572074284
Espeletia nemekenei,3.8811,-72.8667,0.52831794
Espeletia nemekenei,3.8811,-72.8667,0.397542529
Espeletia neriifolia,3.8811,-72.8667,0.378705724
Espeletia neriifolia,3.8811,-72.8667,0.235950145
Espeletia neriifolia,3.8811,-72.8667,0.404520979
Espeletia neriifolia,3.8811,-72.8667,0.683814859
Espeletia neriifolia,3.8811,-72.8667,0.69552745
Espeletia occidentalis,3.8811,-72.8667,0.41082455
Espeletia occidentalis,3.8811,-72.8667,0.391254906
Espeletia occidentalis,3.8811,-72.8667,0.265452622
Espeletia occidentalis,3.8811,-72.8667,0.400933286
Espeletia occulta,3.8811,-72.8667,0.318091074
Espeletia pachoana,3.8811,-72.8667,0.26265254
Espeletia pachoana,3.8811,-72.8667,0.078856606
Espeletia pachoana,3.8811,-72.8667,0.230573321
Espeletia pachoana,3.8811,-72.8667,0.395131343
Espeletia pycnophylla,3.8811,-72.8667,0.587364474
Espeletia pycnophylla,3.8811,-72.8667,0.567452309
Espeletia pycnophylla,3.8811,-72.8667,0.358977032
Espeletia pycnophylla,3.8811,-72.8667,0.436228421
Espeletia rositae,3.8811,-72.8667,0.242394372
Espeletia rositae,3.8811,-72.8667,0.03915434
Espeletia rositae,3.8811,-72.8667,0.378563526
Espeletia rositae,3.8811,-72.8667,0.397862853
Espeletia smithiana,3.8811,-72.8667,0.021550147
Espeletia standleyana,3.8811,-72.8667,0.227763078
Espeletia standleyana,3.8811,-72.8667,0.552780709
Espeletia standleyana,3.8811,-72.8667,0.290811485
Espeletia standleyana,3.8811,-72.8667,0.372111433
Espeletia standleyana,3.8811,-72.8667,0.456565445
Espeletia standleyana,3.8811,-72.8667,0.19221158
Espeletia subneriifolia,3.8811,-72.8667,0.533642677
Espeletia tunjana,3.8811,-72.8667,0.455618334
Espeletia tunjana,3.8811,-72.8667,0.534424495
Espeletia tunjana,3.8811,-72.8667,0.473939243
Espeletia tunjana,3.8811,-72.8667,0.574472834
Espeletia tunjana,3.8811,-72.8667,0.2645337
Espeletia tunjana,3.8811,-72.8667,0.398746517
Espeletia tunjana,3.8811,-72.8667,0.668384731
Espeletia uribei,3.8811,-72.8667,0.331474667
Espeletia uribei,3.8811,-72.8667,0.112119605
Espeletia verdeana,3.8811,-72.8667,0.441971909
Espeletia verdeana,3.8811,-72.8667,0.17505391
Espeletia conglomerata,7.343889,-72.862778,0.612547194
Espeletia occulta,7.343889,-72.862778,0.718656195
Espeletia murilloi,5.59814,-72.861,0.031571904
Espeletia murilloi,5.598139,-72.860955,0.01197531
Espeletia tunjana,5.51296,-72.860222,0.529306239
Espeletia murilloi,5.60983,-72.8549,0.310531623
Espeletia conglomerata,7.342778,-72.851267,0.42501904
Espeletia arbelaezii,6.10646,-72.8446,0.091161928
Espeletia canescens,7.4415,-72.844167,0.405230728
Espeletia arbelaezii,6.1075,-72.84257,0.146070728
Espeletia arbelaezii,6.1075,-72.84257,0.24968854
Espeletia arbelaezii,6.1075,-72.84257,0.668060315
Espeletia congestiflora,7.294306,-72.83425,0.634001224
Espeletia conglomerata,7.294306,-72.83425,0.41742304
Espeletia lopezii,5.731722,-72.823028,0.310008113
Espeletia barclayana,7.346667,-72.821111,0.41481593
Espeletia boyacensis,5.70668,-72.81291,0.449447189
Espeletia estanislana,7.085556,-72.809722,0.059206515
Espeletia lopezii,5.72027,-72.79204,0.178873077
Espeletia congestiflora,5.708667,-72.789028,0.145260399
Espeletia congestiflora,5.708667,-72.789028,0.416297169
Espeletia brachyaxiantha,5.701,-72.788083,0.314797522
Espeletia lopezii,5.701,-72.788083,0.088318408
Espeletia congestiflora,5.534958,-72.784733,0.249797677
Espeletia congestiflora,5.534958,-72.784733,0.077524185
Espeletia standleyana,7.25952,-72.7838,0.202393781
Espeletia argentea,6.213139,-72.782917,0.208128447
Espeletia boyacensis,6.212667,-72.782889,0.171831329
Espeletia argentea,6.212944,-72.782694,0.385959292
Espeletia argentea,6.218833,-72.778667,0.604459384
Espeletia arbelaezii,6.17685,-72.77435,0.207277277
Espeletia arbelaezii,6.17685,-72.77435,0.115312383
Espeletia azucarina,6.17685,-72.77435,0.507960544
Espeletia azucarina,6.17685,-72.77435,0.234668334
Espeletia congestiflora,6.17731,-72.76995,0.671133095
Espeletia congestiflora,6.17731,-72.76995,0.218048526
Espeletia congestiflora,6.17731,-72.76995,0.320474184
Espeletia boyacensis,6.17429,-72.7622,0.214903371
Espeletia boyacensis,6.19458,-72.7586,0.019469067
Espeletia arbelaezii,6.125547,-72.756581,0.037134078
Espeletia oswaldiana,5.506375,-72.755236,0.383715315
Espeletia oswaldiana,5.506375,-72.755236,0.626941038
Espeletia oswaldiana,5.50637,-72.7552,0.007256393
Espeletia oswaldiana,5.50637,-72.7552,0.454619025
Espeletia arbelaezii,6.121307,-72.751394,0.108470096
Espeletia boyacensis,6.205496,-72.745838,0.250657106
Espeletia standleyana,7.2553,-72.74529,0.469297085
Espeletia standleyana,7.010139,-72.742977,0.153109349
Espeletia nemekenei,6.177958,-72.741093,0.490881205
Espeletia nemekenei,6.177958,-72.741093,0.186111599
Espeletia murilloi,5.52365,-72.7406,0.475949342
Espeletia congestiflora,5.500851,-72.739153,0.269118447
Espeletia boyacensis,5.707167,-72.732167,0.430713858
Espeletia congestiflora,5.707167,-72.732167,0.589356178
Espeletia brachyaxiantha,5.746111,-72.723028,0.391264713
Espeletia boyacensis,6.17711,-72.7227,0.080018243
Espeletia brachyaxiantha,5.74575,-72.7225,0.238423279
Espeletia pescana,5.745389,-72.721778,0.448578828
Espeletia pescana,5.746775,-72.713147,0.480500577
Espeletia brassicoidea,7.34345,-72.7084,0.43461236
Espeletia congestiflora,5.744889,-72.703028,0.422249236
Espeletia standleyana,6.95496,-72.7029,0.383007359
Espeletia brachyaxiantha,5.5085,-72.702528,0.980626496
Espeletia congestiflora,5.746167,-72.702528,0.197592907
Espeletia brachyaxiantha,5.508556,-72.702139,0.162557773
Espeletia boyacensis,5.508167,-72.701389,0.354218894
Espeletia brachyaxiantha,5.508167,-72.701389,0.271353834
Espeletia conglomerata,6.915828,-72.70091,0.1058152
Espeletia boyacensis,5.96327,-72.7002,0.339737943
Espeletia boyacensis,5.963274,-72.700164,0.497656921
Espeletia conglomerata,7.35313,-72.6997,0.375084882
Espeletia boyacensis,5.509472,-72.698417,0.09794116
Espeletia brachyaxiantha,5.509917,-72.697833,0.456524244
Espeletia boyacensis,5.508333,-72.697556,0.157457397
Espeletia argentea,6.31833,-72.697517,0.521526731
Espeletia pescana,5.508389,-72.695972,0.345961765
Espeletia boyacensis,5.507833,-72.695583,0.519443616
Espeletia almorzana,6.95222,-72.6881,0.238993235
Espeletia conglomerata,6.95958,-72.6828,0.582408511
Espeletia conglomerata,6.95958,-72.6828,0.344251561
Espeletia conglomerata,7.342222,-72.682778,0.015833202
Espeletia praesidentis,6.9975,-72.678056,0.465308826
Espeletia praesidentis,6.9975,-72.678056,0.43045459
Espeletia jaramilloi,5.94934,-72.6778,0.109524467
Espeletia lopezii,5.94934,-72.6778,0.853001677
Espeletia lopezii,5.94934,-72.6778,0.253817309
Espeletia boyacensis,5.969167,-72.675889,0.095649914
Espeletia standleyana,6.96418,-72.67314,0.380809137
Espeletia standleyana,6.96418,-72.67314,0.248717721
Espeletia argentea,5.96,-72.67,0.19031251
Espeletia dugandii,6.83977,-72.65653,0.361645744
Espeletia brassicoidea,7.37425,-72.654647,0.396077384
Espeletia jaramilloi,5.89116,-72.65104,0.417545866
Espeletia brassicoidea,7.33023,-72.6368,0.417534425
Espeletia brassicoidea,7.33023,-72.6368,0.179463209
Espeletia lopezii,5.921389,-72.627222,0.750867288
Espeletia brassicoidea,6.664722,-72.620889,0.07815212
Espeletia brassicoidea,7.34613,-72.61639,0.338873233
Espeletia curialensis,5.86103,-72.6015,0.180335425
Espeletia lopezii,5.929722,-72.5975,0.383983927
Espeletia congestiflora,5.9938,-72.5547,0.025070412
Espeletia lopezii,5.9938,-72.5547,0.536840211
Espeletia lopezii,6.351422,-72.548554,0.550912653
Espeletia arbelaezii,5.5,-72.5,0.01475332
Espeletia arbelaezii,5.5,-72.5,0.669496808
Espeletia arbelaezii,5.5,-72.5,0.502466394
Espeletia arbelaezii,5.5,-72.5,0.414999109
Espeletia arbelaezii,5.5,-72.5,0.241036835
Espeletia arbelaezii,5.5,-72.5,0.305396972
Espeletia arbelaezii,5.5,-72.5,0.33071652
Espeletia boyacensis,5.5,-72.5,0.489485866
Espeletia boyacensis,5.5,-72.5,0.401706127
Espeletia boyacensis,5.5,-72.5,0.443301943
Espeletia boyacensis,5.5,-72.5,0.003603488
Espeletia brachyaxiantha,5.5,-72.5,0.059670096
Espeletia brachyaxiantha,5.5,-72.5,0.232552636
Espeletia brachyaxiantha,5.5,-72.5,0.176109204
Espeletia brachyaxiantha,5.5,-72.5,0.515907617
Espeletia brachyaxiantha,5.5,-72.5,0.268939892
Espeletia brachyaxiantha,5.5,-72.5,0.401984735
Espeletia brachyaxiantha,5.5,-72.5,0.405481585
Espeletia brachyaxiantha,5.5,-72.5,0.009390827
Espeletia congestiflora,5.5,-72.5,0.014146253
Espeletia congestiflora,5.5,-72.5,0.226844349
Espeletia congestiflora,5.5,-72.5,0.230233076
Espeletia congestiflora,5.5,-72.5,0.106724464
Espeletia congestiflora,5.5,-72.5,0.497185029
Espeletia curialensis,5.5,-72.5,0.433565559
Espeletia curialensis,5.5,-72.5,0.159726445
Espeletia curialensis,5.5,-72.5,0.201821524
Espeletia curialensis,5.5,-72.5,0.582976866
Espeletia curialensis,5.5,-72.5,0.262661999
Espeletia curialensis,5.5,-72.5,0.027963348
Espeletia curialensis,5.5,-72.5,0.376463539
Espeletia discoidea,5.5,-72.5,0.013075876
Espeletia discoidea,5.5,-72.5,0.192352599
Espeletia discoidea,5.5,-72.5,0.452420419
Espeletia discoidea,5.5,-72.5,0.047195287
Espeletia discoidea,5.5,-72.5,0.280642108
Espeletia incana,5.5,-72.5,0.352985304
Espeletia incana,5.5,-72.5,0.529836162
Espeletia incana,5.5,-72.5,0.464112456
Espeletia incana,5.5,-72.5,0.451057432
Espeletia incana,5.5,-72.5,0.388249955
Espeletia jaramilloi,5.5,-72.5,0.466301584
Espeletia lopezii,5.5,-72.5,0.659192495
Espeletia lopezii,5.5,-72.5,0.217679372
Espeletia lopezii,5.5,-72.5,0.596397878
Espeletia lopezii,5.5,-72.5,0.084967023
Espeletia lopezii,5.5,-72.5,0.113501559
Espeletia murilloi,5.5,-72.5,0.483800224
Espeletia murilloi,5.5,-72.5,0.367104767
Espeletia murilloi,5.5,-72.5,0.228665275
Espeletia murilloi,5.5,-72.5,0.104387457
Espeletia murilloi,5.5,-72.5,0.227253499
Espeletia murilloi,5.5,-72.5,0.365563933
Espeletia murilloi,5.5,-72.5,0.666175427
Espeletia murilloi,5.5,-72.5,0.459866818
Espeletia murilloi,5.5,-72.5,0.090937608
Espeletia murilloi,5.5,-72.5,0.536071722
Espeletia murilloi,5.5,-72.5,0.174380159
Espeletia nemekenei,5.5,-72.5,0.328067244
Espeletia nemekenei,5.5,-72.5,0.272143929
Espeletia nemekenei,5.5,-72.5,0.507658201
Espeletia oswaldiana,5.5,-72.5,0.583684857
Espeletia oswaldiana,5.5,-72.5,0.44247112
Espeletia oswaldiana,5.5,-72.5,0.303582847
Espeletia rositae,5.5,-72.5,0.370052886
Espeletia rositae,5.5,-72.5,0.285490384
Espeletia tunjana,5.5,-72.5,0.521411703
Espeletia neriifolia,7.35444,-72.4364,0.094836863
Espeletia neriifolia,7.35444,-72.4364,0.30120838
Espeletia neriifolia,7.354444,-72.436389,0.542941883
Espeletia neriifolia,7.354444,-72.436389,0.39804746
Espeletia brassicoidea,7.38656,-72.4207,0.327925705
Espeletia cardonae,7.4063,-72.4037,0.027200399
Espeletia brassicoidea,7.3904,-72.3962,0.170688894
Espeletia tamana,7.52218,-72.3868,0.516915302
Espeletia steyermarkii,7.52418,-72.3862,0.414521611
Espeletia steyermarkii,7.40197,-72.3833,0.241256923
Espeletia brassicoidea,7.40252,-72.3809,0.310921344
Espeletia lopezii,6.407222,-72.375,0.026591328
Espeletia lopezii,6.407222,-72.375,0.259134437
Espeletia lopezii,6.45422,-72.3456,0.340950492
Espeletia lopezii,6.48373,-72.3368,0.21439761
Espeletia lopezii,6.54931,-72.32006,0.298743474
Espeletia cleefii,6.37759,-72.2727,0.480083987
Espeletia cleefii,6.37759,-72.2727,0.0545378
Espeletia lopezii,7.510642,-72.139128,0.245920461
Espeletia atropurpurea,7.8333,-72.0833,0.142799012
Espeletia atropurpurea,7.8333,-72.0833,0.300394323
Espeletia atropurpurea,7.8333,-72.0833,0.152787789
Espeletia badilloi,7.8333,-72.0833,0.220791065
Espeletia badilloi,7.8333,-72.0833,0.255630206
Espeletia badilloi,7.8333,-72.0833,0.530429717
Espeletia brassicoidea,7.8333,-72.0833,0.112113977
Espeletia brassicoidea,7.8333,-72.0833,0.356988913
Espeletia brassicoidea,7.8333,-72.0833,0.079995416
Espeletia gritaensis,7.8333,-72.0833,0.160176607
Espeletia gritaensis,7.8333,-72.0833,0.025164899
Espeletia jahnii,7.8333,-72.0833,0.317612002
Espeletia jahnii,7.8333,-72.0833,0.355329638
Espeletia jahnii,7.8333,-72.0833,0.476692741
Espeletia jahnii,7.8333,-72.0833,0.081387803
Espeletia jahnii,7.8333,-72.0833,0.568647594
Espeletia jahnii,7.8333,-72.0833,0.167700816
Espeletia leucactina,7.8333,-72.0833,0.051518287
Espeletia leucactina,7.8333,-72.0833,0.116322896
Espeletia marcescens,7.8333,-72.0833,0.424192896
Espeletia marcescens,7.8333,-72.0833,0.085923219
Espeletia neriifolia,7.8333,-72.0833,0.263562371
Espeletia neriifolia,7.8333,-72.0833,0.060767996
Espeletia neriifolia,7.8333,-72.0833,0.000632677
Espeletia neriifolia,7.8333,-72.0833,0.160707035
Espeletia occulta,7.8333,-72.0833,0.563178408
Espeletia occulta,7.8333,-72.0833,0.090738178
Espeletia occulta,7.8333,-72.0833,0.375624947
Espeletia steyermarkii,7.8333,-72.0833,0.331600043
Espeletia steyermarkii,7.8333,-72.0833,0.208547079
Espeletia tachirensis,7.8333,-72.0833,0.266414905
Espeletia tachirensis,7.8333,-72.0833,0.334259566
Espeletia tachirensis,7.8333,-72.0833,0.098548163
Espeletia tachirensis,7.8333,-72.0833,0.67029318
Espeletia tamana,7.8333,-72.0833,0.433718452
Espeletia tamana,7.8333,-72.0833,0.195510711
Espeletia tamana,7.8333,-72.0833,0.398393255
Espeletia tamana,7.8333,-72.0833,0.69375459
Espeletia thyrsiformis,7.8333,-72.0833,0.621327055
Espeletia thyrsiformis,7.8333,-72.0833,0.815916698
Espeletia thyrsiformis,7.8333,-72.0833,0.714990633
Espeletia thyrsiformis,7.8333,-72.0833,0.177458106
Espeletia thyrsiformis,7.8333,-72.0833,0.357136449
Espeletia thyrsiformis,7.8333,-72.0833,0.278090356
Espeletia thyrsiformis,7.8333,-72.0833,0.268861186
Espeletia thyrsiformis,7.8333,-72.0833,0.17523463
Espeletia occulta,8.01614,-71.9684,0.33925578
Espeletia neriifolia,8.17646,-71.9176,0.23724468
Espeletia tachirensis,8.11117,-71.9159,0.371710543
Espeletia tachirensis,8.11117,-71.9159,0.527972037
Espeletia thyrsiformis,8.12301,-71.9117,0.500546176
Espeletia atropurpurea,8.17393,-71.9105,0.338593477
Espeletia atropurpurea,8.18529,-71.9037,0.151572891
Espeletia atropurpurea,8.18771,-71.9001,0.236694575
Espeletia marcescens,8.18196,-71.8949,0.001117918
Espeletia thyrsiformis,8.20715,-71.8939,0.316422562
Espeletia neriifolia,8.20282,-71.893,0.343541693
Espeletia marcescens,8.14477,-71.8913,0.605577104
Espeletia neriifolia,8.14551,-71.8906,0.239849054
Espeletia neriifolia,8.14463,-71.8896,0.238599934
Espeletia occulta,8.145,-71.8891,0.473760225
Espeletia thyrsiformis,8.21253,-71.889,0.672514263
Espeletia thyrsiformis,8.21253,-71.889,0.193843812
Espeletia thyrsiformis,8.1147,-71.8874,0.361058038
Espeletia thyrsiformis,8.21948,-71.8859,0.593548862
Espeletia marcescens,8.13977,-71.8857,0.225308858
Espeletia marcescens,8.13977,-71.8857,0.104642966
Espeletia neriifolia,8.23599,-71.8837,0.142795131
Espeletia atropurpurea,8.24697,-71.8819,0.57330101
Espeletia thyrsiformis,8.23945,-71.87389,0.386542632
Espeletia atropurpurea,8.25018,-71.8731,0.114963618
Espeletia atropurpurea,8.25808,-71.8691,0.279287406
Espeletia thyrsiformis,8.25,-71.866667,0.419419701
Espeletia atropurpurea,8.25775,-71.8649,0.053438626
Espeletia atropurpurea,8.25775,-71.8649,0.50164338
Espeletia atropurpurea,8.25775,-71.8649,0.551856909
Espeletia atropurpurea,8.25775,-71.8649,0.665440199
Espeletia atropurpurea,8.25775,-71.8649,0.364809646
Espeletia atropurpurea,8.25775,-71.8649,0.555971739
Espeletia atropurpurea,8.24511,-71.8549,0.277799625
Espeletia atropurpurea,8.24511,-71.8549,0.167179689
Espeletia atropurpurea,8.24511,-71.8549,0.318152218
Espeletia atropurpurea,8.24511,-71.8549,0.274222598
Espeletia atropurpurea,8.24511,-71.8549,0.12842431
Espeletia atropurpurea,8.24511,-71.8549,0.297782413
Espeletia schultzii,10.6833,-71.6896,0.412154134
Espeletia neriifolia,8.29828,-71.6539,0.097763034
Espeletia neriifolia,8.27501,-71.5953,0.072310626
Espeletia rodriguezii,8.27764,-71.586,0.407954761
Espeletia neriifolia,8.279,-71.5843,0.311653635
Espeletia ruizii,8.31526,-71.5812,0.514792297
Espeletia occulta,8.03973,-71.5698,0.804502281
Espeletia neriifolia,8.3,-71.5667,0.452586478
Espeletia ruizii,8.28864,-71.5662,0.243572415
Espeletia ruizii,8.26684,-71.5639,0.563450143
Espeletia ruizii,8.28053,-71.5628,0.620185941
Espeletia neriifolia,8.25328,-71.5617,0.504721365
Espeletia ruizii,8.27987,-71.5615,0.327889755
Espeletia ruizii,8.27921,-71.5605,0.384819168
Espeletia ruizii,8.26924,-71.5596,0.319756233
Espeletia ruizii,8.26924,-71.5596,0.567326468
Espeletia ruizii,8.26924,-71.5596,0.454491518
Espeletia ruizii,8.26924,-71.5596,0.458906531
Espeletia ruizii,8.26924,-71.5596,0.349971299
Espeletia ruizii,8.26924,-71.5596,0.493686988
Espeletia ruizii,8.26924,-71.5596,0.041579433
Espeletia ruizii,8.26924,-71.5596,0.589390368
Espeletia ruizii,8.26924,-71.5596,0.291241511
Espeletia ruizii,8.26924,-71.5596,0.20168013
Espeletia ruizii,8.26924,-71.5596,0.651466549
Espeletia ruizii,8.26924,-71.5596,0.889347891
Espeletia ruizii,8.26924,-71.5596,0.408569587
Espeletia ruizii,8.26924,-71.5596,0.637537076
Espeletia ruizii,8.26924,-71.5596,0.416976548
Espeletia ruizii,8.26924,-71.5596,0.377380918
Espeletia ruizii,8.26924,-71.5596,0.496714583
Espeletia ruizii,8.27871,-71.5593,0.3919589
Espeletia neriifolia,8.19197,-71.5252,0.357175615
Espeletia neriifolia,8.266667,-71.516667,0.392142564
Espeletia neriifolia,8.266667,-71.516667,0.22024547
Espeletia occulta,8.30603,-71.4341,0.045213647
Espeletia lindenii,8.30528,-71.4288,0.518438564
Espeletia marcescens,8.30813,-71.4242,0.045818621
Espeletia neriifolia,8.32145,-71.4234,0.025945796
Espeletia neriifolia,8.38887,-71.4175,0.430265099
Espeletia marcescens,8.25142,-71.3889,0.116072586
Espeletia marcescens,8.25142,-71.3889,0.433171943
Espeletia marcescens,8.25142,-71.3889,0.395090727
Espeletia marcescens,8.25142,-71.3889,0.323724642
Espeletia marcescens,8.25142,-71.3889,0.112329621
Espeletia marcescens,8.25142,-71.3889,0.55149813
Espeletia marcescens,8.25142,-71.3889,0.37204735
Espeletia atropurpurea,8.24659,-71.3884,0.622400845
Espeletia atropurpurea,8.24659,-71.3884,0.361496987
Espeletia atropurpurea,8.24659,-71.3884,0.404200563
Espeletia atropurpurea,8.24659,-71.3884,0.698453581
Espeletia atropurpurea,8.24659,-71.3884,0.514119457
Espeletia marcescens,8.23561,-71.3841,0.516900282
Espeletia atropurpurea,8.23443,-71.382,0.316285902
Espeletia marcescens,8.28627,-71.3787,0.290840863
Espeletia marcescens,8.31854,-71.3466,0.162136505
Espeletia atropurpurea,8.333333,-71.333333,0.218909745
Espeletia marcescens,8.333333,-71.333333,0.290786521
Espeletia marcescens,8.333333,-71.333333,0.332056112
Espeletia schultzii,8.40117,-71.3332,0.448222516
Espeletia rodriguezii,8.262,-71.3322,0.134040832
Espeletia occulta,8.33,-71.33,0.4251877
Espeletia atropurpurea,8.31525,-71.3239,0.183876605
Espeletia lindenii,8.32338,-71.3171,0.232652871
Espeletia marcescens,8.33325,-71.301,0.632204705
Espeletia neriifolia,8.32735,-71.3002,0.268399563
Espeletia spectabilis,8.33111,-71.2998,0.324564896
Espeletia neriifolia,8.32649,-71.2996,0.283875625
Espeletia tachirensis,8.32649,-71.2985,0.296214883
Espeletia spectabilis,8.32751,-71.2979,0.338730748
Espeletia marcescens,8.33266,-71.2974,0.075849023
Espeletia neriifolia,8.33875,-71.2829,0.142171839
Espeletia neriifolia,8.33875,-71.2829,0.244833553
Espeletia schultzii,8.63276,-71.2791,0.213530553
Espeletia schultzii,8.63165,-71.2771,0.188137656
Espeletia schultzii,8.63165,-71.2771,0.115173512
Espeletia schultzii,8.63165,-71.2771,0.646706193
Espeletia schultzii,8.37813,-71.2639,0.46708566
Espeletia alba,8.45444,-71.23972,0.439134271
Espeletia atropurpurea,8.45444,-71.23972,0.076589052
Espeletia atropurpurea,8.45444,-71.23972,0.144872595
Espeletia lindenii,8.45444,-71.23972,0.066018384
Espeletia lindenii,8.45444,-71.23972,0.266482048
Espeletia lutescens,8.45444,-71.23972,0.283733815
Espeletia thyrsiformis,8.45444,-71.23972,0.114753335
Espeletia moritziana,8.72267,-71.2113,0.224843802
Espeletia albarregensis,8.70054,-71.2033,0.494122787
Espeletia moritziana,8.68953,-71.1963,0.352236063
Espeletia elongata,8.73427,-71.1934,0.51341792
Espeletia moritziana,8.67767,-71.178,0.435925103
Espeletia moritziana,8.67767,-71.178,0.364765238
Espeletia almorzana,8.5,-71.1667,0.636198758
Espeletia almorzana,8.5,-71.1667,0.463797375
Espeletia atropurpurea,8.5,-71.1667,0.231422653
Espeletia atropurpurea,8.5,-71.1667,0.354681378
Espeletia badilloi,8.5,-71.1667,0.564408802
Espeletia badilloi,8.5,-71.1667,0.067528776
Espeletia badilloi,8.5,-71.1667,0.248509812
Espeletia badilloi,8.5,-71.1667,0.254450251
Espeletia badilloi,8.5,-71.1667,0.358890828
Espeletia badilloi,8.5,-71.1667,0.010385284
Espeletia banksiifolia,8.5,-71.1667,0.404555997
Espeletia banksiifolia,8.5,-71.1667,0.385342026
Espeletia batata,8.5,-71.1667,0.089995154
Espeletia batata,8.5,-71.1667,0.512987134
Espeletia batata,8.5,-71.1667,0.029738696
Espeletia batata,8.5,-71.1667,0.387421266
Espeletia batata,8.5,-71.1667,0.387615171
Espeletia batata,8.5,-71.1667,0.102435035
Espeletia bromelioides,8.5,-71.1667,0.796494621
Espeletia bromelioides,8.5,-71.1667,0.096161291
Espeletia coloradarum,8.5,-71.1667,0.293691829
Espeletia elongata,8.5,-71.1667,0.053570898
Espeletia figueirasii,8.5,-71.1667,0.447704954
Espeletia figueirasii,8.5,-71.1667,0.154240896
Espeletia figueirasii,8.5,-71.1667,0.253227293
Espeletia figueirasii,8.5,-71.1667,0.377334594
Espeletia figueirasii,8.5,-71.1667,0.444365339
Espeletia figueirasii,8.5,-71.1667,0.464782864
Espeletia floccosa,8.5,-71.1667,0.013124847
Espeletia floccosa,8.5,-71.1667,0.042536035
Espeletia floccosa,8.5,-71.1667,0.107465256
Espeletia floccosa,8.5,-71.1667,0.322871606
Espeletia floccosa,8.5,-71.1667,0.041823652
Espeletia floccosa,8.5,-71.1667,0.332989051
Espeletia floccosa,8.5,-71.1667,0.020652338
Espeletia hanburyana,8.5,-71.1667,0.102429835
Espeletia jahnii,8.5,-71.1667,0.001854621
Espeletia lindenii,8.5,-71.1667,0.665027566
Espeletia lindenii,8.5,-71.1667,0.277165639
Espeletia lindenii,8.5,-71.1667,0.412736495
Espeletia lucida,8.5,-71.1667,0.240222154
Espeletia marcescens,8.5,-71.1667,0.43054429
Espeletia marcescens,8.5,-71.1667,0.327120205
Espeletia marcescens,8.5,-71.1667,0.008040549
Espeletia marcescens,8.5,-71.1667,0.325898115
Espeletia marcescens,8.5,-71.1667,0.238940998
Espeletia marcescens,8.5,-71.1667,0.489864367
Espeletia marcescens,8.5,-71.1667,0.372072168
Espeletia marcescens,8.5,-71.1667,0.422206838
Espeletia marthae,8.5,-71.1667,0.158364907
Espeletia marthae,8.5,-71.1667,0.296275979
Espeletia marthae,8.5,-71.1667,0.431834511
Espeletia moritziana,8.5,-71.1667,0.363403873
Espeletia moritziana,8.5,-71.1667,0.614111672
Espeletia moritziana,8.5,-71.1667,0.409123038
Espeletia moritziana,8.5,-71.1667,0.379991262
Espeletia moritziana,8.5,-71.1667,0.473222206
Espeletia moritziana,8.5,-71.1667,0.448506676
Espeletia moritziana,8.5,-71.1667,0.178025728
Espeletia neriifolia,8.5,-71.1667,0.518004673
Espeletia neriifolia,8.5,-71.1667,0.053270443
Espeletia neriifolia,8.5,-71.1667,0.34955919
Espeletia neriifolia,8.5,-71.1667,0.406893813
Espeletia neriifolia,8.5,-71.1667,0.055692589
Espeletia neriifolia,8.5,-71.1667,0.281600061
Espeletia neriifolia,8.5,-71.1667,0.49006281
Espeletia neriifolia,8.5,-71.1667,0.180459962
Espeletia neriifolia,8.5,-71.1667,0.401117873
Espeletia occulta,8.5,-71.1667,0.038330834
Espeletia occulta,8.5,-71.1667,0.133867121
Espeletia occulta,8.5,-71.1667,0.50056633
Espeletia occulta,8.5,-71.1667,0.458768549
Espeletia paltonioides,8.5,-71.1667,0.492349107
Espeletia paltonioides,8.5,-71.1667,0.014851716
Espeletia paltonioides,8.5,-71.1667,0.366916547
Espeletia rodriguezii,8.5,-71.1667,0.413757591
Espeletia ruizii,8.5,-71.1667,0.47804771
Espeletia ruizii,8.5,-71.1667,0.493969215
Espeletia ruizii,8.5,-71.1667,0.362606666
Espeletia ruizii,8.5,-71.1667,0.396032303
Espeletia ruizii,8.5,-71.1667,0.615977471
Espeletia ruizii,8.5,-71.1667,0.353299442
Espeletia schultzii,8.5,-71.1667,0.128307702
Espeletia schultzii,8.5,-71.1667,0.234271854
Espeletia schultzii,8.5,-71.1667,0.34393536
Espeletia schultzii,8.5,-71.1667,0.247675679
Espeletia schultzii,8.5,-71.1667,0.234040216
Espeletia schultzii,8.5,-71.1667,0.408914854
Espeletia schultzii,8.5,-71.1667,0.092129885
Espeletia schultzii,8.5,-71.1667,0.342768036
Espeletia schultzii,8.5,-71.1667,0.183965877
Espeletia schultzii,8.5,-71.1667,0.528837905
Espeletia schultzii,8.5,-71.1667,0.23777694
Espeletia semiglobulata,8.5,-71.1667,0.44977085
Espeletia semiglobulata,8.5,-71.1667,0.505172049
Espeletia semiglobulata,8.5,-71.1667,0.110852991
Espeletia semiglobulata,8.5,-71.1667,0.296365775
Espeletia semiglobulata,8.5,-71.1667,0.309267186
Espeletia semiglobulata,8.5,-71.1667,0.100145602
Espeletia semiglobulata,8.5,-71.1667,0.397065405
Espeletia semiglobulata,8.5,-71.1667,0.083000318
Espeletia semiglobulata,8.5,-71.1667,0.417780067
Espeletia semiglobulata,8.5,-71.1667,0.302421794
Espeletia semiglobulata,8.5,-71.1667,0.119529917
Espeletia semiglobulata,8.5,-71.1667,0.381900949
Espeletia semiglobulata,8.5,-71.1667,0.557561233
Espeletia semiglobulata,8.5,-71.1667,0.365524207
Espeletia spectabilis,8.5,-71.1667,0.134990862
Espeletia spectabilis,8.5,-71.1667,0.361419182
Espeletia spectabilis,8.5,-71.1667,0.65070859
Espeletia spicata,8.5,-71.1667,0.439268074
Espeletia spicata,8.5,-71.1667,0.053164528
Espeletia spicata,8.5,-71.1667,0.011039271
Espeletia spicata,8.5,-71.1667,0.699771363
Espeletia spicata,8.5,-71.1667,0.112747716
Espeletia spicata,8.5,-71.1667,0.469940561
Espeletia spicata,8.5,-71.1667,0.492888485
Espeletia spicata,8.5,-71.1667,0.4473948
Espeletia spicata,8.5,-71.1667,0.193019229
Espeletia spicata,8.5,-71.1667,0.311632987
Espeletia tenorae,8.5,-71.1667,0.061000471
Espeletia thyrsiformis,8.5,-71.1667,0.178463684
Espeletia thyrsiformis,8.5,-71.1667,0.448101671
Espeletia thyrsiformis,8.5,-71.1667,0.27128198
Espeletia thyrsiformis,8.5,-71.1667,0.10478523
Espeletia timotensis,8.5,-71.1667,0.461899699
Espeletia timotensis,8.5,-71.1667,0.222852345
Espeletia timotensis,8.5,-71.1667,0.570668031
Espeletia timotensis,8.5,-71.1667,0.219235682
Espeletia timotensis,8.5,-71.1667,0.297188967
Espeletia timotensis,8.5,-71.1667,0.189625757
Espeletia timotensis,8.5,-71.1667,0.362073971
Espeletia timotensis,8.5,-71.1667,0.34509244
Espeletia timotensis,8.5,-71.1667,0.704987344
Espeletia timotensis,8.5,-71.1667,0.649519812
Espeletia timotensis,8.5,-71.1667,0.181927418
Espeletia timotensis,8.5,-71.1667,0.312954573
Espeletia weddellii,8.5,-71.1667,0.299276961
Espeletia weddellii,8.5,-71.1667,0.272231012
Espeletia weddellii,8.5,-71.1667,0.308391726
Espeletia weddellii,8.5,-71.1667,0.441628991
Espeletia weddellii,8.5,-71.1667,0.641089129
Espeletia timotensis,8.55823,-71.0867,0.091887756
Espeletia elongata,8.55149,-71.084,0.175078817
Espeletia atropurpurea,8.5558,-71.0834,0.120356863
Espeletia atropurpurea,8.55422,-71.082,0.351875869
Espeletia atropurpurea,8.55422,-71.082,0.14705599
Espeletia atropurpurea,8.55422,-71.082,0.012361596
Espeletia atropurpurea,8.55422,-71.082,0.33141706
Espeletia moritziana,8.53291,-71.0618,0.165272224
Espeletia spicata,8.5473,-71.0571,0.259110339
Espeletia spicata,8.5473,-71.0571,0.355454261
Espeletia schultzii,8.77072,-71.045,0.402153994
Espeletia moritziana,8.76998,-71.0441,0.017391613
Espeletia schultzii,8.77995,-71.0352,0.298301459
Espeletia neriifolia,8.3921,-71.023,0.22607419
Espeletia moritziana,8.575,-71.022,0.082435553
Espeletia lucida,8.59162,-71.0208,0.187669816
Espeletia spicata,8.583333,-71.016667,0.365485989
Espeletia spicata,8.583333,-71.016667,0.061139084
Espeletia moritziana,8.57792,-71.0086,0.042256711
Espeletia spicata,8.58052,-71.0073,0.429948869
Espeletia schultzii,8.79525,-71.0061,0.480077022
Espeletia moritziana,8.56311,-70.9992,0.394041719
Espeletia moritziana,8.56627,-70.9955,0.062728669
Espeletia moritziana,8.56627,-70.9955,0.157888104
Espeletia schultzii,8.79672,-70.9951,0.149422253
Espeletia timotensis,8.873611,-70.9675,0.332744278
Espeletia moritziana,8.83119,-70.9378,0.604709192
Espeletia timotensis,8.78885,-70.9349,0.40402755
Espeletia timotensis,8.78885,-70.9349,0.090417938
Espeletia timotensis,8.78885,-70.9349,0.698911852
Espeletia timotensis,8.78885,-70.9349,0.451802841
Espeletia timotensis,8.78885,-70.9349,0.1597037
Espeletia timotensis,8.873611,-70.934167,0.189659405
Espeletia timotensis,8.873611,-70.934167,0.333305966
Espeletia semiglobulata,8.8,-70.93333,0.202590555
Espeletia timotensis,8.78818,-70.933,0.269030513
Espeletia timotensis,8.78927,-70.9317,0.009622568
Espeletia schultzii,8.81084,-70.9309,0.145216367
Espeletia schultzii,8.82551,-70.9233,0.190508898
Espeletia schultzii,8.80024,-70.9136,0.629027911
Espeletia schultzii,8.80533,-70.9134,0.200061034
Espeletia moritziana,8.79683,-70.9127,0.487404352
Espeletia schultzii,8.81346,-70.9126,0.634819997
Espeletia moritziana,8.81324,-70.9116,0.324121933
Espeletia spicata,8.99138,-70.8754,0.45688971
Espeletia spicata,8.99138,-70.8754,0.157091899
Espeletia moritziana,8.83676,-70.8741,0.093704465
Espeletia spicata,8.90341,-70.8727,0.384673721
Espeletia elongata,9.00552,-70.8721,0.36533657
Espeletia spicata,8.90156,-70.8654,0.536992001
Espeletia albarregensis,8.9094,-70.8592,0.514987465
Espeletia spicata,8.86142,-70.859,0.147233732
Espeletia schultzii,8.83738,-70.8571,0.52163616
Espeletia spicata,8.86019,-70.8565,0.0872273
Espeletia timotensis,8.87904,-70.8544,0.168046545
Espeletia timotensis,8.87904,-70.8544,0.387843599
Espeletia timotensis,8.87904,-70.8544,0.020306557
Espeletia timotensis,8.87904,-70.8544,0.225098659
Espeletia timotensis,8.87904,-70.8544,0.457740645
Espeletia elongata,9.05357,-70.8475,0.437197273
Espeletia schultzii,8.83621,-70.8448,0.537019929
Espeletia schultzii,8.84742,-70.8428,0.492280274
Espeletia spicata,8.87014,-70.8426,0.154803323
Espeletia timotensis,8.93843,-70.8418,0.206814425
Espeletia moritziana,8.84636,-70.8346,0.492343169
Espeletia timotensis,8.94655,-70.8346,0.198934951
Espeletia timotensis,8.94655,-70.8346,0.369373608
Espeletia timotensis,8.94655,-70.8346,0.344248294
Espeletia timotensis,8.94655,-70.8346,0.391201117
Espeletia timotensis,8.94655,-70.8346,0.566802537
Espeletia semiglobulata,8.88735,-70.8335,0.454605624
Espeletia spicata,8.866667,-70.833333,0.264448239
Espeletia weddelii,9.66666,-70.83333,0.116425103
Espeletia moritziana,8.84535,-70.8311,0.307923776
Espeletia schultzii,8.79228,-70.831,0.198384805
Espeletia schultzii,8.8002,-70.831,0.62377515
Espeletia schultzii,8.7986,-70.8285,0.424298716
Espeletia schultzii,8.7986,-70.8285,0.078897613
Espeletia schultzii,8.7986,-70.8285,0.06540832
Espeletia schultzii,8.7986,-70.8285,0.449871521
Espeletia schultzii,8.7986,-70.8285,0.267169705
Espeletia schultzii,8.7986,-70.8285,0.308497108
Espeletia schultzii,8.7986,-70.8285,0.41595995
Espeletia spicata,8.78883,-70.8281,0.106667703
Espeletia moritziana,8.84467,-70.828,0.302703926
Espeletia moritziana,8.84467,-70.828,0.35208195
Espeletia moritziana,8.84467,-70.828,0.392941091
Espeletia moritziana,8.84467,-70.828,0.200403661
Espeletia moritziana,8.84467,-70.828,0.026743125
Espeletia moritziana,8.845,-70.8275,0.104586927
Espeletia moritziana,8.845,-70.8275,0.293571734
Espeletia semiglobulata,8.845,-70.8275,0.235009603
Espeletia timotensis,8.845,-70.8275,0.03880642
Espeletia schultzii,8.79907,-70.8271,0.184238381
Espeletia timotensis,8.84836,-70.8265,0.101234262
Espeletia timotensis,8.84836,-70.8265,0.165176566
Espeletia timotensis,8.84836,-70.8265,0.353303034
Espeletia timotensis,8.84836,-70.8265,0.464818689
Espeletia moritziana,8.84839,-70.8256,0.490883621
Espeletia schultzii,8.80181,-70.8252,0.063445191
Espeletia moritziana,8.85159,-70.8247,0.376090623
Espeletia moritziana,8.85056,-70.8241,0.354600347
Espeletia timotensis,8.85035,-70.8237,0.278801264
Espeletia moritziana,8.77261,-70.8235,0.205260381
Espeletia schultzii,8.79263,-70.8232,0.38900296
Espeletia timotensis,8.85032,-70.823,0.929143015
Espeletia timotensis,8.85769,-70.8228,0.24610437
Espeletia moritziana,8.85303,-70.8227,0.07020852
Espeletia timotensis,8.77285,-70.8226,0.16100611
Espeletia timotensis,8.85226,-70.8222,0.45896225
Espeletia timotensis,8.85226,-70.8222,0.00431787
Espeletia timotensis,8.85226,-70.8222,0.349011007
Espeletia timotensis,8.85226,-70.8222,0.126948038
Espeletia timotensis,8.85226,-70.8222,0.314821698
Espeletia timotensis,8.85226,-70.8222,0.186874023
Espeletia timotensis,8.85226,-70.8222,0.398147926
Espeletia timotensis,8.85226,-70.8222,0.599427323
Espeletia timotensis,8.85687,-70.8221,0.690834464
Espeletia semiglobulata,8.83855,-70.8169,0.241177262
Espeletia schultzii,8.85345,-70.8108,0.559782135
Espeletia moritziana,8.86154,-70.8106,0.320558565
Espeletia moritziana,8.85331,-70.8102,0.335400752
Espeletia batata,8.86076,-70.8093,0.36994475
Espeletia timotensis,8.86076,-70.8093,0.130468742
Espeletia semiglobulata,8.78492,-70.8069,0.024863715
Espeletia moritziana,8.87513,-70.8059,0.193326049
Espeletia occulta,8.78819,-70.8056,0.413902411
Espeletia moritziana,8.89112,-70.8038,0.575844441
Espeletia moritziana,8.8486,-70.8022,0.118218754
Espeletia timotensis,8.85062,-70.802,0.020884524
Espeletia batata,8.85384,-70.7964,0.579999537
Espeletia schultzii,8.78917,-70.7888,0.21467863
Espeletia schultzii,8.78917,-70.7888,0.382834228
Espeletia schultzii,8.78917,-70.7888,0.718467743
Espeletia schultzii,8.84345,-70.7767,0.448861474
Espeletia schultzii,8.92105,-70.7745,0.503550715
Espeletia schultzii,8.8,-70.76666,0.109908575
Espeletia schultzii,8.98264,-70.7617,0.311570567
Espeletia moritziana,8.76941,-70.7245,0.277889992
Espeletia moritziana,8.77422,-70.7228,0.242020331
Espeletia moritziana,8.77422,-70.7228,0.369996862
Espeletia moritziana,8.77422,-70.7228,0.223218266
Espeletia moritziana,8.77213,-70.7211,0.564367053
Espeletia weddelii,8.80512,-70.7146,0.096078372
Espeletia moritziana,8.77471,-70.7132,0.033506488
Espeletia moritziana,8.77471,-70.7132,0.122695543
Espeletia moritziana,8.77471,-70.7132,0.124850132
Espeletia moritziana,8.77471,-70.7132,0.740552003
Espeletia moritziana,8.77471,-70.7132,0.456046344
Espeletia moritziana,8.77471,-70.7132,0.596979021
Espeletia schultzii,8.84449,-70.6864,0.13101164
Espeletia weddelii,8.92824,-70.5867,0.348089521
Espeletia weddelii,8.92824,-70.5867,0.495598967
Espeletia marthae,8.98691,-70.5788,0.476532832
Espeletia marthae,8.98691,-70.5788,0.481793066
Espeletia tenorae,9.00095,-70.5758,0.242596352
Espeletia marthae,8.99579,-70.5601,0.092150965
Espeletia marthae,8.99579,-70.5601,0.112413289
Espeletia tenorae,8.94125,-70.5504,0.61763472
Espeletia emmanuelis,9.47056,-70.54972,0.28548655
Espeletia schultzii,9.47056,-70.54972,0.076551971
Espeletia weddelii,8.88652,-70.5018,0.156561009
Espeletia trujillensis,9.083333,-70.5,0.180332598
Espeletia aristeguietana,9.4167,-70.5,0.364216824
Espeletia aristeguietana,9.4167,-70.5,0.301037606
Espeletia frailejonota,9.4167,-70.5,0.157103613
Espeletia frailejonota,9.4167,-70.5,0.504831626
Espeletia griffinii,9.4167,-70.5,0.465584223
Espeletia jabonensis,9.4167,-70.5,0.31568587
Espeletia jabonensis,9.4167,-70.5,0.523525033
Espeletia jabonensis,9.4167,-70.5,0.441878514
Espeletia lopez-palacii,9.4167,-70.5,0.239505899
Espeletia lopez-palacii,9.4167,-70.5,0.573137802
Espeletia lopez-palacii,9.4167,-70.5,0.024979862
Espeletia lopez-palacii,9.4167,-70.5,0.351081868
Espeletia lopez-palacii,9.4167,-70.5,0.1743849
Espeletia lopez-palacii,9.4167,-70.5,0.034176936
Espeletia neriifolia,9.4167,-70.5,0.329933898
Espeletia neriifolia,9.4167,-70.5,0.306671076
Espeletia neriifolia,9.4167,-70.5,0.211286848
Espeletia neriifolia,9.4167,-70.5,0.39328703
Espeletia neriifolia,9.4167,-70.5,0.300536687
Espeletia neriifolia,9.4167,-70.5,0.007762215
Espeletia neriifolia,9.4167,-70.5,0.323791917
Espeletia neriifolia,9.4167,-70.5,0.114601146
Espeletia neriifolia,9.4167,-70.5,0.760346368
Espeletia occulta,9.4167,-70.5,0.258737219
Espeletia occulta,9.4167,-70.5,0.266720332
Espeletia occulta,9.4167,-70.5,0.155981684
Espeletia paltonioides,9.4167,-70.5,0.61907057
Espeletia paltonioides,9.4167,-70.5,0.276244101
Espeletia paltonioides,9.4167,-70.5,0.162999523
Espeletia paltonioides,9.4167,-70.5,0.333174837
Espeletia paltonioides,9.4167,-70.5,0.381337474
Espeletia schultzii,9.4167,-70.5,0.423448925
Espeletia schultzii,9.4167,-70.5,0.205823236
Espeletia schultzii,9.4167,-70.5,0.122336438
Espeletia tenorae,9.4167,-70.5,0.721649921
Espeletia trujillensis,9.4167,-70.5,0.01208434
Espeletia trujillensis,9.4167,-70.5,0.057926762
Espeletia trujillensis,9.4167,-70.5,0.587717176
Espeletia vergarae,9.4167,-70.5,0.561319393
Espeletia viridis,9.4167,-70.5,0.315958529
Espeletia viridis,9.4167,-70.5,0.414311084
Espeletia viridis,9.4167,-70.5,0.053588477
Espeletia viridis,9.4167,-70.5,0.310398065
Espeletia viridis,9.4167,-70.5,0.240868723
Espeletia viridis,9.4167,-70.5,0.069014258
Espeletia viridis,9.4167,-70.5,0.465864799
Espeletia wurdackii,9.4167,-70.5,0.394364189
Espeletia wurdackii,9.4167,-70.5,0.096999732
Espeletia wurdackii,9.4167,-70.5,0.098416043
Espeletia wurdackii,9.4167,-70.5,0.592416085
Espeletia nana,9.10894,-70.4962,0.42310292
Espeletia nana,9.10894,-70.4962,0.151748661
Espeletia weddelii,9.12139,-70.4906,0.44823502
Espeletia weddelii,9.11306,-70.40083,0.160472656
Espeletia neriifolia,9.3135,-70.3397,0.462753123
Espeletia aristeguietana,9.31438,-70.339,0.036390684
Espeletia aristeguietana,9.31438,-70.339,0.661752709
Espeletia aristeguietana,9.30826,-70.3386,0.077298507
Espeletia neriifolia,9.42,-70.33,0.280981066
Espeletia neriifolia,9.42433,-70.3254,0.279572595
Espeletia neriifolia,9.40072,-70.3072,0.349679932
Espeletia schultzii,9.38659,-70.2799,0.212544498
Espeletia schultzii,9.38659,-70.2799,0.461364444
Espeletia neriifolia,9.24426,-70.26938,0.167976028
Espeletia neriifolia,9.16666,-70.25,0.162097983
Espeletia griffinii,9.25,-70.2083,0.169812328
Espeletia griffinii,9.17055,-70.1875,0.096713184
Espeletia paltonioides,9.25,-70.183333,0.354749626
Espeletia paltonioides,9.25,-70.183333,0.196680449
Espeletia paltonioides,9.25,-70.183333,0.612737233
Espeletia trujillensis,9.25,-70.183333,0.111025884
Espeletia trujillensis,9.25,-70.183333,0.442287878
Espeletia trujillensis,9.25,-70.183333,0.207969048
Espeletia trujillensis,9.25,-70.183333,0.26594278
Espeletia paltonioides,9.23333,-70.18333,0.468557662
Espeletia trujillensis,9.23,-70.18,0.258085529
Espeletia griffinii,9.233333,-70.166667,0.115368544
Espeletia lopez-palacii,9.233333,-70.166667,0.100810776
Espeletia jabonensis,9.48333,-70.15,0.12054419
Espeletia vergarae,9.667,-70.15,0.140755037
Espeletia neriifolia,9.69,-70.14,0.327322274
Espeletia neriifolia,9.5661,-70.1197,0.327053811
Espeletia ulotricha,9.5661,-70.1197,0.327517866
Espeletia ulotricha,9.52749,-70.1133,0.607113115
Espeletia liscanoana,9.52772,-70.1133,0.419800685
Espeletia ulotricha,9.5328,-70.1111,0.290653798
Espeletia jabonensis,9.52163,-70.1051,0.473252733
Espeletia parvula,9.51305,-70.1033,0.089550847
Espeletia paltonioides,9.54022,-70.0998,0.222360384
Espeletia paltonioides,9.53914,-70.0992,0.495981619
Espeletia paltonioides,9.53779,-70.0985,0.14113345
Espeletia paltonioides,9.53709,-70.0975,0.292268166
Espeletia paltonioides,9.53707,-70.0968,0.585472581
Espeletia paltonioides,9.53699,-70.0966,0.442650944
Espeletia vergarae,9.54324,-70.0955,0.270211938
Espeletia paltonioides,9.53689,-70.0952,0.047624221
Espeletia vergarae,9.54235,-70.0951,0.022656676
Espeletia vergarae,9.54209,-70.0947,0.468387347
Espeletia vergarae,9.54208,-70.0944,0.408176563
Espeletia vergarae,9.83,-70.05,0.043695804
Espeletia weddelii,9.83333,-70.05,0.481255731
Espeletia neriifolia,9.7019,-70.0467,0.566283604
Espeletia jabonensis,10.1667,-69.8333,0.444343541
Espeletia neriifolia,10.1667,-69.8333,0.505312795
Espeletia ulotricha,10.1667,-69.8333,0.417585937
Espeletia neriifolia,9.41666,-69.5,0.193236693